Year,State,CD #,Total Congressional Votes,Congressional D Votes,Congressional R Votes
2022,AK,AL,263610,128553,129379
2022,AL,1,168150,0,140592
2022,AL,2,198961,58014,137460
2022,AL,3,190406,47859,135602
2022,AL,4,195733,26694,164655
2022,AL,5,212317,62740,142435
2022,AL,6,184203,0,154233
2022,AL,7,193940,123233,67416
2022,AR,1,208372,54598,153774
2022,AR,2,246446,86887,147975
2022,AR,3,223588,73541,142401
2022,AR,4,216696,56745,153850
2022,AZ,1,361477,179141,182336
2022,AZ,2,323396,149151,174169
2022,AZ,3,141074,108599,32475
2022,AZ,4,265498,148941,116521
2022,AZ,5,321590,120243,182464
2022,AZ,6,349283,171969,177201
2022,AZ,7,195862,126418,69444
2022,AZ,8,204713,0,197555
2022,AZ,9,197185,0,192796
2022,CA,1,246225,93386,152839
2022,CA,10,251380,198415,0
2022,CA,11,263065,220848,42217
2022,CA,12,239969,217110,22859
2022,CA,13,133556,66496,67060
2022,CA,14,198464,137612,60852
2022,CA,15,194874,194874,0
2022,CA,16,241007,241007,0
2022,CA,17,180253,127853,52400
2022,CA,18,151513,99776,51737
2022,CA,19,283310,194494,88816
2022,CA,2,308749,229720,79029
2022,CA,20,228781,74934,153847
2022,CA,21,125647,68074,57573
2022,CA,22,102856,49862,52994
2022,CA,23,169105,65908,103197
2022,CA,24,262552,159019,103533
2022,CA,25,152742,87641,65101
2022,CA,26,246789,134575,112214
2022,CA,27,196516,91892,104624
2022,CA,28,226557,150062,76495
2022,CA,29,119435,119435,0
2022,CA,3,338199,156761,181438
2022,CA,30,211068,211068,0
2022,CA,31,153625,91472,62153
2022,CA,32,242029,167411,74618
2022,CA,33,132707,76588,56119
2022,CA,34,121467,121467,0
2022,CA,35,130953,75121,55832
2022,CA,36,278563,194299,84264
2022,CA,37,131880,131880,0
2022,CA,38,174311,101260,73051
2022,CA,39,131597,75896,55701
2022,CA,4,260907,176900,84007
2022,CA,40,284311,122722,161589
2022,CA,41,236638,112769,123869
2022,CA,42,145120,99217,45903
2022,CA,43,123447,95462,27985
2022,CA,44,138714,100160,38554
2022,CA,45,217426,103466,113960
2022,CA,46,126298,78041,48257
2022,CA,47,265635,137374,128261
2022,CA,48,257071,101900,155171
2022,CA,49,291735,153541,138194
2022,CA,5,283030,109506,173524
2022,CA,50,268635,168816,99819
2022,CA,51,233072,144186,88886
2022,CA,52,151016,100686,50330
2022,CA,6,216383,121058,95325
2022,CA,7,220651,150618,70033
2022,CA,8,192135,145501,46634
2022,CA,9,174400,95598,78802
2022,CO,1,282616,226929,49530
2022,CO,2,348839,244107,97700
2022,CO,3,327285,163293,163839
2022,CO,4,354513,129619,216024
2022,CO,5,277964,111978,155528
2022,CO,6,280755,170140,105084
2022,CO,7,363601,204984,150510
2022,CO,8,236501,114377,112745
2022,CT,1,243913,144873,91506
2022,CT,2,285031,165946,114506
2022,CT,3,242651,137924,98704
2022,CT,4,236084,140262,93329
2022,CT,5,253672,123818,123342
2022,DE,AL,321649,178416,138201
2022,FL,1,290816,93467,197349
2022,FL,10,199910,117955,78844
2022,FL,11,326609,115647,205995
2022,FL,12,321995,95390,226601
2022,FL,13,341546,153876,181487
2022,FL,14,263164,149737,113427
2022,FL,15,248054,102835,145219
2022,FL,16,305358,115575,189762
2022,FL,17,348506,123798,222483
2022,FL,18,224234,0,167429
2022,FL,19,313274,100226,213035
2022,FL,2,301389,121153,180236
2022,FL,20,188366,136215,52151
2022,FL,21,328505,119891,208614
2022,FL,22,272204,150010,122194
2022,FL,23,279049,143951,130681
2022,FL,24,185891,133442,52449
2022,FL,25,234352,129113,105239
2022,FL,26,202108,58868,143240
2022,FL,27,237442,101404,136038
2022,FL,28,211150,76665,134457
2022,FL,3,284893,103382,178101
2022,FL,4,274103,108402,165696
2022,FL,5,1,0,1
2022,FL,6,300755,0,226548
2022,FL,7,304055,126079,177966
2022,FL,8,342208,120080,222128
2022,FL,9,202368,108541,93827
2022,GA,1,263965,107837,156128
2022,GA,10,307630,109107,198523
2022,GA,11,303657,113571,190086
2022,GA,12,265195,107148,158047
2022,GA,13,264616,216388,48228
2022,GA,14,258351,88189,170162
2022,GA,2,241340,132675,108665
2022,GA,3,310581,97057,213524
2022,GA,4,275634,216332,59302
2022,GA,5,295456,243687,51769
2022,GA,6,332498,125612,206886
2022,GA,7,235039,143063,91962
2022,GA,8,260586,81886,178700
2022,GA,9,294138,81318,212820
2022,HI,1,202378,143546,51217
2022,HI,2,216985,128407,72874
2022,IA,1,309736,142173,162947
2022,IA,2,321507,145940,172181
2022,IA,3,315039,154117,156262
2022,IA,4,284134,84230,186467
2022,ID,1,312442,82261,222901
2022,ID,2,271186,98736,172450
2022,IL,1,237425,159142,78258
2022,IL,10,242165,152566,89599
2022,IL,11,264241,149172,115069
2022,IL,12,291171,72791,218379
2022,IL,13,250450,141788,108646
2022,IL,14,236600,128141,108451
2022,IL,15,299403,86396,213007
2022,IL,16,297946,100325,197621
2022,IL,17,233123,121186,111931
2022,IL,2,209175,140414,68761
2022,IL,3,177759,121764,55995
2022,IL,4,133047,91036,37352
2022,IL,5,274550,190999,79112
2022,IL,6,276859,150496,126351
2022,IL,7,167746,167650,0
2022,IL,8,207215,117880,89335
2022,IL,9,250530,179615,70915
2022,IN,1,213207,112656,100542
2022,IN,2,194073,62891,125313
2022,IN,3,201542,60577,131579
2022,IN,4,197698,62834,134864
2022,IN,5,240009,93434,146575
2022,IN,6,193524,62838,130686
2022,IN,7,175180,117309,53631
2022,IN,8,216040,68109,141995
2022,IN,9,225276,75700,143166
2022,KS,1,238425,77092,161333
2022,KS,2,233358,98852,134506
2022,KS,3,301294,165527,128839
2022,KS,4,228740,83851,144889
2022,KY,1,245858,61701,184157
2022,KY,2,237256,66769,170487
2022,KY,3,259587,160920,98637
2022,KY,4,257629,79977,167541
2022,KY,5,216270,38549,177712
2022,KY,6,246818,83005,154762
2022,LA,1,244044,61467,177670
2022,LA,2,205047,158120,46927
2022,LA,3,224552,44813,174864
2022,LA,4,1,0,1
2022,LA,5,223553,54532,169021
2022,LA,6,235928,0,205219
2022,MA,1,263651,157635,98386
2022,MA,2,280071,180639,91956
2022,MA,3,251389,154496,88585
2022,MA,4,291569,201882,0
2022,MA,5,284881,203994,71491
2022,MA,6,323032,198119,110770
2022,MA,7,189830,151825,27129
2022,MA,8,284583,189987,82126
2022,MA,9,342455,197823,136347
2022,MD,1,293358,126511,159673
2022,MD,2,268434,158998,109075
2022,MD,3,291602,175514,115801
2022,MD,4,160009,144168,15441
2022,MD,5,276920,182478,94000
2022,MD,6,256398,140295,115771
2022,MD,7,184801,151640,32737
2022,MD,8,264206,211842,47965
2022,ME,1,358138,219753,129263
2022,ME,2,656104,165136,146142
2022,MI,1,388599,145403,233094
2022,MI,10,326237,157602,159202
2022,MI,11,366179,224537,141642
2022,MI,12,277577,196643,72888
2022,MI,13,234444,166650,56187
2022,MI,2,339521,116452,216222
2022,MI,3,338988,185989,142229
2022,MI,4,338348,143690,183936
2022,MI,5,317258,110946,198020
2022,MI,6,366927,241759,125167
2022,MI,7,372708,192809,172624
2022,MI,8,335829,178322,143850
2022,MI,9,372922,123702,238300
2022,MN,1,296547,0,159621
2022,MN,2,325472,165583,148576
2022,MN,3,333921,198883,134797
2022,MN,4,295973,200055,95493
2022,MN,5,288206,214224,70702
2022,MN,6,319767,0,198145
2022,MN,7,305866,0,204766
2022,MN,8,330080,0,188755
2022,MO,1,220958,160999,53767
2022,MO,2,315666,135895,173277
2022,MO,3,277597,96851,180746
2022,MO,4,255079,67069,181890
2022,MO,5,230555,140688,84008
2022,MO,6,262892,72253,184865
2022,MO,7,251947,67485,178592
2022,MO,8,245395,53738,186472
2022,MS,1,167389,45238,122151
2022,MS,2,180169,108285,71884
2022,MS,3,187284,54803,132481
2022,MS,4,174258,42876,127813
2022,MT,1,247960,115265,123102
2022,MT,2,215672,43480,121979
2022,NC,1,257776,134996,122780
2022,NC,10,268207,73174,194681
2022,NC,11,323912,144165,174232
2022,NC,12,223908,140494,83414
2022,NC,13,277346,143090,134256
2022,NC,14,257752,148738,109014
2022,NC,2,294869,190714,104155
2022,NC,3,248898,82378,166520
2022,NC,4,291425,194983,96442
2022,NC,5,277548,102269,175279
2022,NC,6,258998,139553,116635
2022,NC,7,284269,120222,164047
2022,NC,8,263190,79192,183998
2022,NC,9,232655,101202,131453
2022,ND,AL,238586,0,148399
2022,NE,1,223165,93929,129236
2022,NE,2,219470,106807,112663
2022,NE,3,220552,34836,172700
2022,NH,1,309962,167391,142229
2022,NH,2,307584,171636,135579
2022,NJ,1,223884,139559,78794
2022,NJ,10,129707,100710,25993
2022,NJ,11,273664,161436,109952
2022,NJ,12,198227,125127,71175
2022,NJ,2,236484,94522,139217
2022,NJ,3,271376,150498,118415
2022,NJ,4,258962,81233,173288
2022,NJ,5,265943,145559,117873
2022,NJ,6,184919,106238,75839
2022,NJ,7,310093,150701,159392
2022,NJ,8,106473,78382,24957
2022,NJ,9,149984,82457,65365
2022,NM,1,280671,156462,124151
2022,NM,2,192673,96986,95636
2022,NM,3,230782,134217,96565
2022,NV,1,224349,115700,103115
2022,NV,2,310498,117371,185467
2022,NV,3,252169,131086,121083
2022,NV,4,222487,116617,105870
2022,NY,1,327052,141907,177040
2022,NY,10,202131,160582,29058
2022,NY,11,191083,71801,115992
2022,NY,12,251078,200890,44173
2022,NY,13,142795,116589,0
2022,NY,14,122582,82453,31935
2022,NY,15,101732,76406,15882
2022,NY,16,221597,133567,74156
2022,NY,17,291308,141730,143550
2022,NY,18,272617,135245,131653
2022,NY,19,292577,141509,146004
2022,NY,2,256117,97774,151178
2022,NY,20,295722,160420,130869
2022,NY,21,289617,112645,168579
2022,NY,22,273981,132913,135544
2022,NY,23,306126,104114,192694
2022,NY,24,285525,95028,182054
2022,NY,25,284990,152022,130190
2022,NY,26,251300,156883,88339
2022,NY,3,279772,125404,145824
2022,NY,4,278548,130871,140622
2022,NY,5,144316,104396,34407
2022,NY,6,137692,85049,47935
2022,NY,7,153557,119473,28597
2022,NY,8,144476,99079,39060
2022,NY,9,167533,116970,0
2022,OH,1,296474,156416,140058
2022,OH,10,272961,104634,168327
2022,OH,11,215710,167722,47988
2022,OH,12,276237,84893,191344
2022,OH,13,284409,149816,134593
2022,OH,14,297028,113639,183389
2022,OH,15,251251,108139,143112
2022,OH,2,257862,65745,192117
2022,OH,3,258797,182324,76455
2022,OH,4,290156,89383,200773
2022,OH,5,279937,92634,187303
2022,OH,6,280383,90500,189883
2022,OH,7,303573,135485,168002
2022,OH,8,278916,98629,180287
2022,OH,9,266017,150655,115362
2022,OK,1,233495,80974,142800
2022,OK,2,231672,54194,167843
2022,OK,3,197772,50354,147418
2022,OK,4,224546,74667,149879
2022,OK,5,258826,96799,152699
2022,OR,1,310243,210682,99042
2022,OR,2,308676,99882,208369
2022,OR,3,303334,212119,79766
2022,OR,4,339077,171372,146055
2022,OR,5,351233,171514,178813
2022,OR,6,294377,147156,139946
2022,PA,1,367380,165809,201571
2022,PA,10,314546,145215,169331
2022,PA,11,316826,121835,194991
2022,PA,12,328620,184674,143946
2022,PA,13,260345,0,260345
2022,PA,14,230865,0,230865
2022,PA,15,305146,91729,213417
2022,PA,16,320989,130443,190546
2022,PA,17,362628,193615,169013
2022,PA,2,186683,141229,45454
2022,PA,3,263935,251115,0
2022,PA,4,366785,224799,141986
2022,PA,5,315186,205128,110058
2022,PA,6,326483,190386,136097
2022,PA,7,296891,151364,145527
2022,PA,8,286886,146956,139930
2022,PA,9,301807,92622,209185
2022,RI,1,156734,100318,56055
2022,RI,2,201089,101432,93969
2022,SC,1,272681,115796,153757
2022,SC,2,246126,98081,147699
2022,SC,3,194569,0,189971
2022,SC,4,182365,0,165607
2022,SC,5,241707,83299,154725
2022,SC,6,211028,130923,79879
2022,SC,7,253865,89030,164440
2022,SD,AL,327841,0,253821
2022,TN,1,188003,37049,147241
2022,TN,2,207762,66673,141089
2022,TN,3,199830,60334,136639
2022,TN,4,173437,44648,122401
2022,TN,5,221275,93648,123558
2022,TN,6,195063,65675,129388
2022,TN,7,180822,68973,108421
2022,TN,8,210315,51102,155602
2022,TN,9,133918,93800,35123
2022,TX,1,234662,51438,183224
2022,TX,10,251937,86404,159469
2022,TX,11,151066,0,151066
2022,TX,12,237979,85026,152953
2022,TX,13,214677,52910,161767
2022,TX,14,213149,63606,149543
2022,TX,15,151889,68097,80978
2022,TX,16,150496,95510,54986
2022,TX,17,217209,72801,144408
2022,TX,18,156268,110511,40941
2022,TX,19,189681,0,152321
2022,TX,2,230287,78496,151791
2022,TX,20,168599,115352,53226
2022,TX,21,330081,122655,207426
2022,TX,22,241215,85653,150014
2022,TX,23,208776,80947,116649
2022,TX,24,297825,119878,177947
2022,TX,25,185270,0,185270
2022,TX,26,265023,0,183639
2022,TX,27,207027,73611,133416
2022,TX,28,165581,93803,71778
2022,TX,29,100602,71837,28765
2022,TX,3,271256,100121,164240
2022,TX,30,180513,134876,39209
2022,TX,31,183185,0,183185
2022,TX,32,177499,116005,61494
2022,TX,33,114030,82081,29203
2022,TX,34,134439,70896,59464
2022,TX,35,178568,129599,48969
2022,TX,36,209615,64016,145599
2022,TX,37,285789,219358,59923
2022,TX,38,259869,92302,163597
2022,TX,4,256009,79179,170781
2022,TX,5,211965,71930,135595
2022,TX,6,149321,0,149321
2022,TX,7,181829,115994,65835
2022,TX,8,224968,68715,153127
2022,TX,9,163607,125446,38161
2022,UT,1,266420,87986,178434
2022,UT,2,259399,88224,154883
2022,UT,3,283380,83687,182497
2022,UT,4,254059,82181,155110
2022,VA,1,342742,147229,191828
2022,VA,10,296145,157405,138163
2022,VA,11,289676,193190,95634
2022,VA,2,296996,143219,153328
2022,VA,3,207850,139659,67668
2022,VA,4,244978,159044,85503
2022,VA,5,307790,129996,177191
2022,VA,6,269234,95410,173352
2022,VA,7,274590,143357,130586
2022,VA,8,268936,197760,66589
2022,VA,9,248792,66027,182207
2022,VT,AL,291955,176494,78397
2022,WA,1,286684,181992,104329
2022,WA,10,267748,152544,114777
2022,WA,2,337923,202980,134335
2022,WA,3,319759,160314,157685
2022,WA,4,226647,70710,150619
2022,WA,5,317006,127585,188648
2022,WA,6,347873,208710,138754
2022,WA,7,346647,295998,49207
2022,WA,8,336038,179003,155976
2022,WA,9,239848,171746,67631
2022,WI,1,300867,135825,162610
2022,WI,2,378537,268740,101890
2022,WI,3,317922,152977,164743
2022,WI,4,255012,191955,57660
2022,WI,5,378523,134581,243741
2022,WI,6,251999,0,239231
2022,WI,7,338268,128877,209224
2022,WI,8,310196,0,223981
2022,WV,1,227196,65428,151511
2022,WV,2,244886,84278,160493
2022,WY,AL,198198,47250,132206
2024,AK,AL,329555,156245,159550
2024,AL,1,329854,70929,258619
2024,AL,2,289674,158041,131414
2024,AL,3,249008,0,243848
2024,AL,4,277872,0,274498
2024,AL,5,262410,0,250322
2024,AL,6,346625,102504,243741
2024,AL,7,293220,186723,106312
2024,AR,1,267177,64113,194711
2024,AR,2,306286,125777,180509
2024,AR,3,301084,95652,192101
2024,AR,4,270253,73207,197046
2024,AZ,1,434504,208966,225538
2024,AZ,2,406431,184985,221413
2024,AZ,3,202065,143336,53705
2024,AZ,4,334545,176428,152052
2024,AZ,5,423308,167680,255628
2024,AZ,6,431220,204774,215596
2024,AZ,7,271011,171954,99057
2024,AZ,8,368613,160344,208269
2024,AZ,9,382223,132640,249583
2024,CA,1,319228,110636,208592
2024,CA,10,364544,242325,122219
2024,CA,11,339111,274796,64315
2024,CA,12,283025,283025,0
2024,CA,13,210921,105554,105367
2024,CA,14,276388,187263,89125
2024,CA,15,289544,211648,77896
2024,CA,16,308476,308476,0
2024,CA,17,254877,172462,82415
2024,CA,18,228506,147674,80832
2024,CA,19,364320,252458,111862
2024,CA,2,379617,272883,106734
2024,CA,20,288788,0,288788
2024,CA,21,195531,102798,92733
2024,CA,22,167507,78023,89484
2024,CA,23,264849,105563,159286
2024,CA,24,342479,214724,127755
2024,CA,25,245031,137837,107194
2024,CA,26,334306,187393,146913
2024,CA,27,300090,154040,146050
2024,CA,28,314944,204489,110455
2024,CA,29,209686,146312,63374
2024,CA,3,422313,188067,234246
2024,CA,30,311659,213100,98559
2024,CA,31,247951,148095,99856
2024,CA,32,321645,212934,108711
2024,CA,33,233275,137197,96078
2024,CA,34,189414,189414,0
2024,CA,35,233555,136413,97142
2024,CA,36,357987,246002,111985
2024,CA,37,204814,160364,0
2024,CA,38,275928,165110,110818
2024,CA,39,229660,130191,99469
2024,CA,4,342680,227730,114950
2024,CA,40,383635,171637,211998
2024,CA,41,354445,171229,183216
2024,CA,42,233563,159153,74410
2024,CA,43,213232,160080,53152
2024,CA,44,230852,164765,66087
2024,CA,45,315875,158264,157611
2024,CA,46,211292,134013,77279
2024,CA,47,353275,181721,171554
2024,CA,48,360290,146665,213625
2024,CA,49,378347,197397,180950
2024,CA,5,368562,140919,227643
2024,CA,50,360695,231836,128859
2024,CA,51,327584,198835,128749
2024,CA,52,259718,172217,87501
2024,CA,6,287072,165408,121664
2024,CA,7,295770,197429,98341
2024,CA,8,273030,201962,71068
2024,CA,9,251357,130183,121174
2024,CO,1,345735,264694,74598
2024,CO,2,416908,284994,120633
2024,CO,3,397553,182147,201951
2024,CO,4,447807,188249,240213
2024,CO,5,362085,147972,197924
2024,CO,6,343721,202686,132174
2024,CO,7,425966,235688,175273
2024,CO,8,333616,160871,163320
2024,CT,1,330482,197788,115065
2024,CT,2,376047,218162,157878
2024,CT,3,328923,193684,130095
2024,CT,4,328857,200791,122793
2024,CT,5,337605,171337,157258
2024,DC,0,328404,251540,19765
2024,DE,AL,497436,287830,209606
2024,FL,1,415088,140980,274108
2024,FL,10,290915,181455,109460
2024,FL,11,446003,176726,269277
2024,FL,12,431436,124949,306487
2024,FL,13,411593,185930,225636
2024,FL,14,350185,199423,145643
2024,FL,15,347695,152361,195334
2024,FL,16,416141,168625,247516
2024,FL,17,455921,164566,291347
2024,FL,18,344807,119637,225170
2024,FL,19,415746,140038,275708
2024,FL,2,402280,154323,247957
2024,FL,20,1,1,0
2024,FL,21,448766,171312,277435
2024,FL,22,366856,201608,165248
2024,FL,23,374317,196311,178006
2024,FL,24,285588,194874,90692
2024,FL,25,343191,186942,156208
2024,FL,26,306271,89072,217199
2024,FL,27,329867,130708,199159
2024,FL,28,325337,115280,210057
2024,FL,3,391457,150283,241174
2024,FL,4,388349,165912,222364
2024,FL,5,424064,156570,267471
2024,FL,6,427474,143050,284414
2024,FL,7,413854,179917,233937
2024,FL,8,450448,170096,280352
2024,FL,9,324273,178785,138076
2024,GA,1,355857,135281,220576
2024,GA,10,406716,150274,256442
2024,GA,11,400913,131064,269849
2024,GA,12,341266,135417,205849
2024,GA,13,357632,256902,100730
2024,GA,14,378205,134759,243446
2024,GA,2,312501,176028,136473
2024,GA,3,411785,138749,273036
2024,GA,4,303361,229290,74071
2024,GA,5,343691,294470,49221
2024,GA,6,370936,277027,93909
2024,GA,7,425442,149535,275907
2024,GA,8,335981,104434,231547
2024,GA,9,392816,121754,271062
2024,HI,1,251432,164237,64373
2024,HI,2,270804,166251,75471
2024,IA,1,414078,206156,206955
2024,IA,2,408802,169740,233340
2024,IA,3,412905,197962,213746
2024,IA,4,373824,122175,250522
2024,ID,1,489086,118656,331049
2024,ID,2,428514,126229,250119
2024,IL,1,316507,208398,108064
2024,IL,10,327621,196358,131025
2024,IL,11,359684,199825,159630
2024,IL,12,367629,94875,272754
2024,IL,13,329500,191339,137917
2024,IL,14,332929,183446,149464
2024,IL,15,310234,0,308825
2024,IL,16,311108,0,310925
2024,IL,17,312828,170261,142567
2024,IL,2,289843,195777,94004
2024,IL,3,259908,174825,84987
2024,IL,4,206396,139343,56323
2024,IL,5,363965,251025,112931
2024,IL,6,362849,196647,166116
2024,IL,7,267152,222408,44598
2024,IL,8,303073,172920,130153
2024,IL,9,338828,231722,107106
2024,IN,1,322723,172467,145056
2024,IN,2,294618,101962,184848
2024,IN,3,311539,97871,202653
2024,IN,4,323595,100091,209794
2024,IN,5,359204,136554,203293
2024,IN,6,314909,99841,201357
2024,IN,7,272148,185987,78792
2024,IN,8,323633,95311,219941
2024,IN,9,345738,113400,222884
2024,KS,1,304458,93965,210493
2024,KS,2,302761,115685,172847
2024,KS,3,393333,209871,167570
2024,KS,4,305097,106632,198465
2024,KY,1,338253,85524,252729
2024,KY,2,345855,93029,252826
2024,KY,3,327864,203100,124713
2024,KY,4,279517,0,278386
2024,KY,5,261407,0,261407
2024,KY,6,352638,130345,222293
2024,LA,1,357720,85911,265028
2024,LA,2,305184,216491,88693
2024,LA,3,320682,81157,239525
2024,LA,4,306248,0,306248
2024,LA,5,319851,82981,236870
2024,LA,6,296033,184296,111737
2024,MA,1,385005,223325,0
2024,MA,2,389337,251441,0
2024,MA,3,362678,264698,0
2024,MA,4,411578,289347,0
2024,MA,5,379701,286689,0
2024,MA,6,438573,321186,0
2024,MA,7,283194,232094,0
2024,MA,8,397767,265432,110638
2024,MA,9,465097,251931,193822
2024,MD,1,414680,154985,246356
2024,MD,2,384794,223797,152079
2024,MD,3,399200,236681,151186
2024,MD,4,270970,239596,30454
2024,MD,5,418603,283619,133985
2024,MD,6,376624,199788,175974
2024,MD,7,290137,232849,49799
2024,MD,8,380320,292101,77821
2024,ME,1,439567,249798,154849
2024,ME,2,402936,197151,194445
2024,MI,1,477184,180937,282264
2024,MI,10,425301,191363,217437
2024,MI,11,447925,260780,177432
2024,MI,12,363499,253354,92490
2024,MI,13,321649,220788,78917
2024,MI,2,428550,135824,279167
2024,MI,3,420289,225510,183952
2024,MI,4,425817,184641,234489
2024,MI,5,409876,134282,269215
2024,MI,6,453306,281162,158658
2024,MI,7,450912,209959,226722
2024,MI,8,424350,217490,189317
2024,MI,9,468238,138138,312593
2024,MN,1,377601,0,220929
2024,MN,2,417319,231751,175621
2024,MN,3,411140,0,170427
2024,MN,4,361043,242802,117618
2024,MN,5,351047,261066,86213
2024,MN,6,416496,0,260095
2024,MN,7,390510,0,275098
2024,MN,8,421606,0,244498
2024,MO,1,307265,233312,56453
2024,MO,2,428392,182056,233444
2024,MO,3,392463,138532,240620
2024,MO,4,365696,96568,259886
2024,MO,5,331929,199900,120957
2024,MO,6,375186,100999,265210
2024,MO,7,367868,96655,263231
2024,MO,8,356064,77649,271249
2024,MS,1,320286,96697,223589
2024,MS,2,286841,177885,108956
2024,MS,3,265159,0,265159
2024,MS,4,290866,75771,215095
2024,MT,1,322266,143783,168529
2024,MT,2,275545,93713,181832
2024,NC,1,376324,186341,180034
2024,NC,10,406695,155383,233814
2024,NC,11,432523,186977,245546
2024,NC,12,350755,259627,91128
2024,NC,13,415490,171835,243655
2024,NC,14,401256,168269,232987
2024,NC,2,405517,268662,128164
2024,NC,3,320841,0,248276
2024,NC,4,428780,308064,112084
2024,NC,5,400694,162390,238304
2024,NC,6,337320,0,233303
2024,NC,7,433534,179512,254022
2024,NC,8,400349,161709,238640
2024,NC,9,373077,140852,210042
2024,ND,AL,359787,0,249101
2024,NE,1,312057,124498,187559
2024,NE,2,314567,154369,160198
2024,NE,3,302768,59287,243481
2024,NH,1,416562,218577,185936
2024,NH,2,414424,211641,187810
2024,NJ,1,361060,208808,144390
2024,NJ,10,244577,182020,54405
2024,NJ,11,393751,222583,164556
2024,NJ,12,321660,196871,117222
2024,NJ,2,371620,153117,215946
2024,NJ,3,379484,202034,169454
2024,NJ,4,394228,124803,265652
2024,NJ,5,381889,208359,165287
2024,NJ,6,303681,170275,122519
2024,NJ,7,431398,200025,223331
2024,NJ,8,196765,116434,68152
2024,NJ,9,257013,130514,117939
2024,NM,1,342749,193203,149546
2024,NM,2,265322,138177,127145
2024,NM,3,288427,162342,126085
2024,NV,1,322899,167885,143650
2024,NV,2,399584,0,219919
2024,NV,3,372388,191304,181084
2024,NV,4,332206,174926,148061
2024,NY,1,430460,183540,226285
2024,NY,10,279274,206206,37555
2024,NY,11,274589,93586,167099
2024,NY,12,341969,260165,62989
2024,NY,13,241890,181800,35822
2024,NY,14,204917,132714,59078
2024,NY,15,188545,130392,36010
2024,NY,16,331087,217668,86408
2024,NY,17,393960,173899,197845
2024,NY,18,376288,207106,155129
2024,NY,19,389326,192647,184290
2024,NY,2,363116,136371,202597
2024,NY,20,377748,221997,141151
2024,NY,21,360458,132447,215996
2024,NY,22,367263,194450,161939
2024,NY,23,397621,128397,246969
2024,NY,24,378911,123317,235867
2024,NY,25,379616,219175,141195
2024,NY,26,342404,209131,111772
2024,NY,3,381882,187651,174693
2024,NY,4,392330,191760,183157
2024,NY,5,243796,168425,56689
2024,NY,6,211157,120205,74559
2024,NY,7,237335,172795,48435
2024,NY,8,241150,168036,54863
2024,NY,9,253334,173207,60064
2024,OH,1,391909,213916,177993
2024,OH,10,370746,145420,213695
2024,OH,11,302413,236883,59394
2024,OH,12,380188,119738,260450
2024,OH,13,386390,197466,188924
2024,OH,14,383858,140431,243427
2024,OH,15,347749,151411,196338
2024,OH,2,364616,96401,268211
2024,OH,3,342987,242632,100355
2024,OH,4,399202,125905,273297
2024,OH,5,378657,123024,255633
2024,OH,6,368375,122515,245860
2024,OH,7,400371,144613,204494
2024,OH,8,378128,140625,237503
2024,OH,9,375195,181098,178716
2024,OK,1,312501,107903,188832
2024,OK,2,321025,68841,238123
2024,OK,3,1,0,1
2024,OK,4,306473,86641,199962
2024,OK,5,342107,134471,207636
2024,OR,1,351991,241556,98908
2024,OR,2,351489,115337,224601
2024,OR,3,334369,226405,84344
2024,OR,4,378765,195862,166430
2024,OR,5,401293,191365,180420
2024,OR,6,339065,180869,157634
2024,PA,1,463432,202042,261390
2024,PA,10,406001,200434,205567
2024,PA,11,403313,149641,253672
2024,PA,12,416228,234802,181426
2024,PA,13,406283,104823,301460
2024,PA,14,403135,134755,268380
2024,PA,15,390435,111408,279027
2024,PA,16,403632,146709,256923
2024,PA,17,450738,242838,207900
2024,PA,2,271046,193691,77355
2024,PA,3,340223,340223,0
2024,PA,4,455523,269066,186457
2024,PA,5,410109,267754,142355
2024,PA,6,419263,235625,183638
2024,PA,7,403314,199626,203688
2024,PA,8,385074,189411,195663
2024,PA,9,391735,115523,276212
2024,RI,1,221118,139352,70742
2024,RI,2,263480,153439,109381
2024,SC,1,390777,162582,227502
2024,SC,2,355285,142985,211514
2024,SC,3,346713,87735,248451
2024,SC,4,346414,128976,206916
2024,SC,5,359409,130592,228260
2024,SC,6,305977,182056,112360
2024,SC,7,370329,129522,240326
2024,SD,AL,421448,117818,303630
2024,TN,1,330199,64021,257825
2024,TN,2,362098,111316,250782
2024,TN,3,350328,102841,236519
2024,TN,4,313255,83832,219133
2024,TN,5,360714,142387,205075
2024,TN,6,331687,106144,225543
2024,TN,7,322656,122764,191992
2024,TN,8,332315,85043,240411
2024,TN,9,223703,159522,57411
2024,TX,1,258523,0,258523
2024,TX,10,347818,118280,221229
2024,TX,11,211975,0,211975
2024,TX,12,339718,124154,215564
2024,TX,13,240622,0,240622
2024,TX,14,306195,95875,210320
2024,TX,15,223769,95965,127804
2024,TX,16,220828,131391,89281
2024,TX,17,291042,97941,193101
2024,TX,18,218720,151834,66810
2024,TX,19,266375,0,214950
2024,TX,2,326883,112252,214631
2024,TX,20,157890,157890,0
2024,TX,21,426423,153765,263744
2024,TX,22,336889,127604,209285
2024,TX,23,290093,109373,180720
2024,TX,24,376626,149518,227108
2024,TX,25,264703,0,263042
2024,TX,26,388427,138558,241096
2024,TX,27,278576,94596,183980
2024,TX,28,237298,125280,112018
2024,TX,29,152209,99379,52830
2024,TX,3,380747,142953,237794
2024,TX,30,232825,197650,0
2024,TX,31,355557,126470,229087
2024,TX,32,232464,140536,85941
2024,TX,33,166153,114289,51864
2024,TX,34,200383,102780,97603
2024,TX,35,253119,170509,82610
2024,TX,36,297018,91009,206009
2024,TX,37,340857,252980,80366
2024,TX,38,342764,127640,215030
2024,TX,4,353299,111696,241603
2024,TX,5,299897,107712,192185
2024,TX,6,286438,98319,188119
2024,TX,7,244471,149820,94651
2024,TX,8,342177,108754,233423
2024,TX,9,184141,184141,0
2024,UT,1,365895,117319,230975
2024,UT,2,353838,121114,205234
2024,UT,3,365276,122780,242496
2024,UT,4,363668,109838,230627
2024,VA,1,478906,208445,269657
2024,VA,10,413012,215131,196343
2024,VA,11,410186,273529,134802
2024,VA,2,408702,191666,207368
2024,VA,3,314397,219926,93801
2024,VA,4,375508,252885,121814
2024,VA,5,435839,184229,249564
2024,VA,6,407035,141612,256933
2024,VA,7,397299,203336,192847
2024,VA,8,383915,274593,94676
2024,VA,9,400963,109570,290645
2024,VT,AL,372885,218398,0
2024,WA,1,360658,227213,132538
2024,WA,10,348044,203732,143492
2024,WA,2,413220,263750,148167
2024,WA,3,415904,215177,199054
2024,WA,4,295052,0,289652
2024,WA,5,397286,156074,240619
2024,WA,6,422622,239687,182182
2024,WA,7,419819,352286,66220
2024,WA,8,416277,224607,190675
2024,WA,9,279298,273381,0
2024,WI,1,393493,172402,212515
2024,WI,2,457257,320317,136357
2024,WI,3,413181,200808,212064
2024,WI,4,334282,249938,74921
2024,WI,5,466682,165653,300521
2024,WI,6,411349,159042,251889
2024,WI,7,430384,156524,273553
2024,WI,8,418978,178666,240040
2024,WV,1,344319,90038,228491
2024,WV,2,378965,110775,268190
2024,WY,AL,271123,60778,184680