State,CD #,Year,Reock,Rating,Polsby-Popper,Rating.1,KIWYSI Score,CD 2022 Total Votes,CD 2022 D Votes,CD 2022 R Votes,CD 2024 Total Votes,CD 2024 D Votes,CD 2024 R Votes
AK,AL,2022,0.0,0.0,0.06,0.0,1.0,263610.0,128553.0,129379.0,329555.0,156245.0,159550.0
AL,1,2022,0.41,65.0,0.2,24.0,39.0,168150.0,0.0,140592.0,,,
AL,2,2022,0.48,93.0,0.25,37.0,50.0,198961.0,58014.0,137460.0,,,
AL,3,2022,0.42,68.0,0.26,39.0,48.0,190406.0,47859.0,135602.0,,,
AL,4,2022,0.32,30.0,0.19,23.0,27.0,195733.0,26694.0,164655.0,,,
AL,5,2022,0.25,0.0,0.3,49.0,55.0,212317.0,62740.0,142435.0,,,
AL,6,2022,0.36,42.0,0.15,14.0,29.0,184203.0,0.0,154233.0,,,
AL,7,2022,0.47,90.0,0.19,24.0,35.0,193940.0,123233.0,67416.0,,,
AL,1,2024,0.19,0.0,0.15,12.0,17.0,,,,329854.0,70929.0,258619.0
AL,2,2024,0.2,0.0,0.14,10.0,18.0,,,,289674.0,158041.0,131414.0
AL,3,2024,0.47,86.0,0.36,66.0,64.0,,,,249008.0,0.0,243848.0
AL,4,2024,0.32,27.0,0.2,25.0,26.0,,,,277872.0,0.0,274498.0
AL,5,2024,0.32,27.0,0.37,68.0,76.0,,,,262410.0,0.0,250322.0
AL,6,2024,0.46,84.0,0.2,25.0,39.0,,,,346625.0,102504.0,243741.0
AL,7,2024,0.47,88.0,0.21,27.0,40.0,,,,293220.0,186723.0,106312.0
AR,1,2022,0.36,43.0,0.12,4.0,24.0,208372.0,54598.0,153774.0,267177.0,64113.0,194711.0
AR,2,2022,0.42,69.0,0.26,41.0,50.0,246446.0,86887.0,147975.0,306286.0,125777.0,180509.0
AR,3,2022,0.46,85.0,0.44,84.0,73.0,223588.0,73541.0,142401.0,301084.0,95652.0,192101.0
AR,4,2022,0.52,100.0,0.26,40.0,54.0,216696.0,56745.0,153850.0,270253.0,73207.0,197046.0
AZ,1,2022,0.41,64.0,0.37,67.0,68.0,361477.0,179141.0,182336.0,434504.0,208966.0,225538.0
AZ,2,2022,0.6,100.0,0.3,50.0,65.0,323396.0,149151.0,174169.0,406431.0,184985.0,221413.0
AZ,3,2022,0.45,79.0,0.38,70.0,70.0,141074.0,108599.0,32475.0,202065.0,143336.0,53705.0
AZ,4,2022,0.21,0.0,0.2,26.0,28.0,265498.0,148941.0,116521.0,334545.0,176428.0,152052.0
AZ,5,2022,0.51,100.0,0.3,51.0,54.0,321590.0,120243.0,182464.0,423308.0,167680.0,255628.0
AZ,6,2022,0.38,51.0,0.23,32.0,38.0,349283.0,171969.0,177201.0,431220.0,204774.0,215596.0
AZ,7,2022,0.16,0.0,0.17,17.0,26.0,195862.0,126418.0,69444.0,271011.0,171954.0,99057.0
AZ,8,2022,0.5,100.0,0.32,54.0,57.0,204713.0,0.0,197555.0,368613.0,160344.0,208269.0
AZ,9,2022,0.33,32.0,0.18,20.0,29.0,197185.0,0.0,192796.0,382223.0,132640.0,249583.0
CA,1,2022,0.52,100.0,0.22,29.0,47.0,246225.0,93386.0,152839.0,319228.0,110636.0,208592.0
CA,2,2022,0.24,0.0,0.18,20.0,22.0,308749.0,229720.0,79029.0,379617.0,272883.0,106734.0
CA,3,2022,0.13,0.0,0.13,8.0,8.0,338199.0,156761.0,181438.0,422313.0,188067.0,234246.0
CA,4,2022,0.35,40.0,0.18,19.0,31.0,260907.0,176900.0,84007.0,342680.0,227730.0,114950.0
CA,5,2022,0.28,14.0,0.17,17.0,33.0,283030.0,109506.0,173524.0,368562.0,140919.0,227643.0
CA,6,2022,0.27,8.0,0.3,51.0,57.0,216383.0,121058.0,95325.0,287072.0,165408.0,121664.0
CA,7,2022,0.27,7.0,0.24,36.0,30.0,220651.0,150618.0,70033.0,295770.0,197429.0,98341.0
CA,8,2022,0.4,58.0,0.22,29.0,37.0,192135.0,145501.0,46634.0,273030.0,201962.0,71068.0
CA,9,2022,0.44,75.0,0.24,35.0,52.0,174400.0,95598.0,78802.0,251357.0,130183.0,121174.0
CA,10,2022,0.39,55.0,0.22,30.0,45.0,251380.0,198415.0,0.0,364544.0,242325.0,122219.0
CA,11,2022,0.1,0.0,0.26,41.0,7.0,263065.0,220848.0,42217.0,339111.0,274796.0,64315.0
CA,12,2022,0.49,95.0,0.49,96.0,88.0,239969.0,217110.0,22859.0,283025.0,283025.0,0.0
CA,13,2022,0.39,56.0,0.23,32.0,47.0,133556.0,66496.0,67060.0,210921.0,105554.0,105367.0
CA,14,2022,0.34,34.0,0.31,53.0,53.0,198464.0,137612.0,60852.0,276388.0,187263.0,89125.0
CA,15,2022,0.26,4.0,0.36,65.0,59.0,194874.0,194874.0,0.0,289544.0,211648.0,77896.0
CA,16,2022,0.33,32.0,0.19,22.0,27.0,241007.0,241007.0,0.0,308476.0,308476.0,0.0
CA,17,2022,0.49,95.0,0.25,38.0,48.0,180253.0,127853.0,52400.0,254877.0,172462.0,82415.0
CA,18,2022,0.27,10.0,0.17,17.0,34.0,151513.0,99776.0,51737.0,228506.0,147674.0,80832.0
CA,19,2022,0.15,0.0,0.1,0.0,1.0,283310.0,194494.0,88816.0,364320.0,252458.0,111862.0
CA,20,2022,0.35,41.0,0.1,0.0,16.0,228781.0,74934.0,153847.0,288788.0,0.0,288788.0
CA,21,2022,0.24,0.0,0.19,23.0,35.0,125647.0,68074.0,57573.0,195531.0,102798.0,92733.0
CA,22,2022,0.49,94.0,0.31,53.0,58.0,102856.0,49862.0,52994.0,167507.0,78023.0,89484.0
CA,23,2022,0.51,100.0,0.41,77.0,83.0,169105.0,65908.0,103197.0,264849.0,105563.0,159286.0
CA,24,2022,0.25,1.0,0.15,12.0,16.0,262552.0,159019.0,103533.0,342479.0,214724.0,127755.0
CA,25,2022,0.42,68.0,0.16,15.0,25.0,152742.0,87641.0,65101.0,245031.0,137837.0,107194.0
CA,26,2022,0.46,83.0,0.29,49.0,61.0,246789.0,134575.0,112214.0,334306.0,187393.0,146913.0
CA,27,2022,0.45,78.0,0.37,67.0,72.0,196516.0,91892.0,104624.0,300090.0,154040.0,146050.0
CA,28,2022,0.36,45.0,0.13,8.0,29.0,226557.0,150062.0,76495.0,314944.0,204489.0,110455.0
CA,29,2022,0.38,50.0,0.18,19.0,25.0,119435.0,119435.0,0.0,209686.0,146312.0,63374.0
CA,30,2022,0.35,39.0,0.15,12.0,25.0,211068.0,211068.0,0.0,311659.0,213100.0,98559.0
CA,31,2022,0.37,46.0,0.11,2.0,24.0,153625.0,91472.0,62153.0,247951.0,148095.0,99856.0
CA,32,2022,0.33,34.0,0.21,28.0,44.0,242029.0,167411.0,74618.0,321645.0,212934.0,108711.0
CA,33,2022,0.23,0.0,0.18,21.0,30.0,132707.0,76588.0,56119.0,233275.0,137197.0,96078.0
CA,34,2022,0.37,48.0,0.21,26.0,35.0,121467.0,121467.0,0.0,189414.0,189414.0,0.0
CA,35,2022,0.3,20.0,0.24,36.0,39.0,130953.0,75121.0,55832.0,233555.0,136413.0,97142.0
CA,36,2022,0.31,25.0,0.2,26.0,33.0,278563.0,194299.0,84264.0,357987.0,246002.0,111985.0
CA,37,2022,0.44,75.0,0.3,49.0,55.0,131880.0,131880.0,0.0,204814.0,160364.0,0.0
CA,38,2022,0.34,34.0,0.14,9.0,29.0,174311.0,101260.0,73051.0,275928.0,165110.0,110818.0
CA,39,2022,0.39,55.0,0.2,24.0,34.0,131597.0,75896.0,55701.0,229660.0,130191.0,99469.0
CA,40,2022,0.42,70.0,0.15,12.0,33.0,284311.0,122722.0,161589.0,383635.0,171637.0,211998.0
CA,41,2022,0.2,0.0,0.06,0.0,14.0,236638.0,112769.0,123869.0,354445.0,171229.0,183216.0
CA,42,2022,0.13,0.0,0.14,10.0,1.0,145120.0,99217.0,45903.0,233563.0,159153.0,74410.0
CA,43,2022,0.31,25.0,0.2,24.0,31.0,123447.0,95462.0,27985.0,213232.0,160080.0,53152.0
CA,44,2022,0.31,26.0,0.16,16.0,24.0,138714.0,100160.0,38554.0,230852.0,164765.0,66087.0
CA,45,2022,0.36,44.0,0.08,0.0,8.0,217426.0,103466.0,113960.0,315875.0,158264.0,157611.0
CA,46,2022,0.49,95.0,0.16,16.0,35.0,126298.0,78041.0,48257.0,211292.0,134013.0,77279.0
CA,47,2022,0.36,44.0,0.22,31.0,37.0,265635.0,137374.0,128261.0,353275.0,181721.0,171554.0
CA,48,2022,0.41,65.0,0.2,26.0,46.0,257071.0,101900.0,155171.0,360290.0,146665.0,213625.0
CA,49,2022,0.35,41.0,0.27,44.0,46.0,291735.0,153541.0,138194.0,378347.0,197397.0,180950.0
CA,50,2022,0.25,0.0,0.12,5.0,9.0,268635.0,168816.0,99819.0,360695.0,231836.0,128859.0
CA,51,2022,0.51,100.0,0.12,5.0,27.0,233072.0,144186.0,88886.0,327584.0,198835.0,128749.0
CA,52,2022,0.37,47.0,0.25,38.0,45.0,151016.0,100686.0,50330.0,259718.0,172217.0,87501.0
CA,1,2026,0.37,49.0,0.19,23.0,34.0,,,,,,
CA,2,2026,0.32,30.0,0.2,25.0,21.0,,,,,,
CA,3,2026,0.4,61.0,0.24,34.0,44.0,,,,,,
CA,4,2026,0.36,43.0,0.16,15.0,33.0,,,,,,
CA,5,2026,0.23,0.0,0.25,38.0,49.0,,,,,,
CA,6,2026,0.28,12.0,0.12,4.0,12.0,,,,,,
CA,7,2026,0.39,58.0,0.16,15.0,21.0,,,,,,
CA,8,2026,0.34,38.0,0.22,30.0,38.0,,,,,,
CA,9,2026,0.24,0.0,0.09,0.0,11.0,,,,,,
CA,10,2026,0.4,58.0,0.24,36.0,55.0,,,,,,
CA,11,2026,0.1,0.0,0.26,41.0,7.0,,,,,,
CA,12,2026,0.49,95.0,0.49,97.0,89.0,,,,,,
CA,13,2026,0.42,67.0,0.21,26.0,41.0,,,,,,
CA,14,2026,0.33,32.0,0.38,70.0,68.0,,,,,,
CA,15,2026,0.26,4.0,0.36,65.0,59.0,,,,,,
CA,16,2026,0.33,32.0,0.19,21.0,27.0,,,,,,
CA,17,2026,0.49,97.0,0.25,38.0,49.0,,,,,,
CA,18,2026,0.27,9.0,0.2,24.0,40.0,,,,,,
CA,19,2026,0.15,0.0,0.1,0.0,1.0,,,,,,
CA,20,2026,0.42,67.0,0.1,0.0,24.0,,,,,,
CA,21,2026,0.25,1.0,0.16,15.0,31.0,,,,,,
CA,22,2026,0.28,11.0,0.13,7.0,20.0,,,,,,
CA,23,2026,0.42,67.0,0.25,39.0,52.0,,,,,,
CA,24,2026,0.25,0.0,0.15,12.0,16.0,,,,,,
CA,25,2026,0.33,33.0,0.16,16.0,31.0,,,,,,
CA,26,2026,0.42,67.0,0.16,15.0,33.0,,,,,,
CA,27,2026,0.33,31.0,0.15,12.0,17.0,,,,,,
CA,28,2026,0.39,55.0,0.18,21.0,38.0,,,,,,
CA,29,2026,0.44,74.0,0.29,47.0,52.0,,,,,,
CA,30,2026,0.38,51.0,0.16,15.0,26.0,,,,,,
CA,31,2026,0.3,21.0,0.14,11.0,33.0,,,,,,
CA,32,2026,0.37,49.0,0.16,15.0,30.0,,,,,,
CA,33,2026,0.23,0.0,0.12,4.0,16.0,,,,,,
CA,34,2026,0.37,48.0,0.21,26.0,35.0,,,,,,
CA,35,2026,0.38,53.0,0.14,11.0,23.0,,,,,,
CA,36,2026,0.31,25.0,0.2,26.0,33.0,,,,,,
CA,37,2026,0.44,75.0,0.3,49.0,55.0,,,,,,
CA,38,2026,0.19,0.0,0.08,0.0,3.0,,,,,,
CA,39,2026,0.36,46.0,0.14,11.0,24.0,,,,,,
CA,40,2026,0.39,55.0,0.19,23.0,42.0,,,,,,
CA,41,2026,0.31,23.0,0.1,1.0,8.0,,,,,,
CA,42,2026,0.19,0.0,0.15,12.0,1.0,,,,,,
CA,43,2026,0.31,25.0,0.2,24.0,31.0,,,,,,
CA,44,2026,0.25,1.0,0.14,9.0,20.0,,,,,,
CA,45,2026,0.39,54.0,0.1,0.0,15.0,,,,,,
CA,46,2026,0.43,72.0,0.12,5.0,21.0,,,,,,
CA,47,2026,0.45,82.0,0.24,34.0,45.0,,,,,,
CA,48,2026,0.4,59.0,0.1,0.0,23.0,,,,,,
CA,49,2026,0.34,38.0,0.19,23.0,34.0,,,,,,
CA,50,2026,0.27,8.0,0.11,2.0,14.0,,,,,,
CA,51,2026,0.3,19.0,0.16,16.0,30.0,,,,,,
CA,52,2026,0.19,0.0,0.24,35.0,47.0,,,,,,
CO,1,2022,0.16,0.0,0.09,0.0,2.0,282616.0,226929.0,49530.0,345735.0,264694.0,74598.0
CO,2,2022,0.59,100.0,0.31,53.0,71.0,348839.0,244107.0,97700.0,416908.0,284994.0,120633.0
CO,3,2022,0.33,32.0,0.3,50.0,50.0,327285.0,163293.0,163839.0,397553.0,182147.0,201951.0
CO,4,2022,0.46,82.0,0.29,48.0,58.0,354513.0,129619.0,216024.0,447807.0,188249.0,240213.0
CO,5,2022,0.53,100.0,0.54,100.0,98.0,277964.0,111978.0,155528.0,362085.0,147972.0,197924.0
CO,6,2022,0.22,0.0,0.09,0.0,17.0,280755.0,170140.0,105084.0,343721.0,202686.0,132174.0
CO,7,2022,0.46,85.0,0.25,37.0,49.0,363601.0,204984.0,150510.0,425966.0,235688.0,175273.0
CO,8,2022,0.44,75.0,0.2,26.0,41.0,236501.0,114377.0,112745.0,333616.0,160871.0,163320.0
CT,1,2022,0.43,72.0,0.16,16.0,29.0,243913.0,144873.0,91506.0,330482.0,197788.0,115065.0
CT,2,2022,0.57,100.0,0.39,74.0,79.0,285031.0,165946.0,114506.0,376047.0,218162.0,157878.0
CT,3,2022,0.34,34.0,0.24,35.0,43.0,242651.0,137924.0,98704.0,328923.0,193684.0,130095.0
CT,4,2022,0.33,31.0,0.33,57.0,47.0,236084.0,140262.0,93329.0,328857.0,200791.0,122793.0
CT,5,2022,0.5,100.0,0.24,34.0,46.0,253672.0,123818.0,123342.0,337605.0,171337.0,157258.0
DE,AL,2022,0.37,46.0,0.49,99.0,75.0,321649.0,178416.0,138201.0,497436.0,287830.0,209606.0
FL,1,2022,0.51,100.0,0.46,89.0,86.0,290816.0,93467.0,197349.0,415088.0,140980.0,274108.0
FL,2,2022,0.42,68.0,0.47,91.0,80.0,301389.0,121153.0,180236.0,402280.0,154323.0,247957.0
FL,3,2022,0.6,100.0,0.51,100.0,95.0,284893.0,103382.0,178101.0,391457.0,150283.0,241174.0
FL,4,2022,0.41,64.0,0.33,57.0,55.0,274103.0,108402.0,165696.0,388349.0,165912.0,222364.0
FL,5,2022,0.58,100.0,0.54,100.0,91.0,1.0,0.0,1.0,424064.0,156570.0,267471.0
FL,6,2022,0.72,100.0,0.49,98.0,95.0,300755.0,0.0,226548.0,427474.0,143050.0,284414.0
FL,7,2022,0.45,81.0,0.41,77.0,71.0,304055.0,126079.0,177966.0,413854.0,179917.0,233937.0
FL,8,2022,0.35,38.0,0.47,91.0,72.0,342208.0,120080.0,222128.0,450448.0,170096.0,280352.0
FL,9,2022,0.49,96.0,0.48,95.0,81.0,202368.0,108541.0,93827.0,324273.0,178785.0,138076.0
FL,10,2022,0.38,50.0,0.36,66.0,62.0,199910.0,117955.0,78844.0,290915.0,181455.0,109460.0
FL,11,2022,0.52,100.0,0.36,65.0,66.0,326609.0,115647.0,205995.0,446003.0,176726.0,269277.0
FL,12,2022,0.43,70.0,0.38,70.0,63.0,321995.0,95390.0,226601.0,431436.0,124949.0,306487.0
FL,13,2022,0.55,100.0,0.6,100.0,100.0,341546.0,153876.0,181487.0,411593.0,185930.0,225636.0
FL,14,2022,0.53,100.0,0.49,97.0,82.0,263164.0,149737.0,113427.0,350185.0,199423.0,145643.0
FL,15,2022,0.53,100.0,0.57,100.0,97.0,248054.0,102835.0,145219.0,347695.0,152361.0,195334.0
FL,16,2022,0.43,71.0,0.45,87.0,66.0,305358.0,115575.0,189762.0,416141.0,168625.0,247516.0
FL,17,2022,0.27,8.0,0.39,72.0,59.0,348506.0,123798.0,222483.0,455921.0,164566.0,291347.0
FL,18,2022,0.45,81.0,0.44,84.0,71.0,224234.0,0.0,167429.0,344807.0,119637.0,225170.0
FL,19,2022,0.34,35.0,0.39,72.0,59.0,313274.0,100226.0,213035.0,415746.0,140038.0,275708.0
FL,20,2022,0.5,100.0,0.28,45.0,55.0,188366.0,136215.0,52151.0,1.0,1.0,0.0
FL,21,2022,0.5,100.0,0.5,100.0,79.0,328505.0,119891.0,208614.0,448766.0,171312.0,277435.0
FL,22,2022,0.45,82.0,0.42,81.0,66.0,272204.0,150010.0,122194.0,366856.0,201608.0,165248.0
FL,23,2022,0.51,100.0,0.29,49.0,57.0,279049.0,143951.0,130681.0,374317.0,196311.0,178006.0
FL,24,2022,0.5,98.0,0.49,97.0,86.0,185891.0,133442.0,52449.0,285588.0,194874.0,90692.0
FL,25,2022,0.4,58.0,0.38,69.0,68.0,234352.0,129113.0,105239.0,343191.0,186942.0,156208.0
FL,26,2022,0.27,8.0,0.32,54.0,50.0,202108.0,58868.0,143240.0,306271.0,89072.0,217199.0
FL,27,2022,0.71,100.0,0.73,100.0,100.0,237442.0,101404.0,136038.0,329867.0,130708.0,199159.0
FL,28,2022,0.2,0.0,0.23,33.0,23.0,211150.0,76665.0,134457.0,325337.0,115280.0,210057.0
FL,1,2026,0.51,100.0,0.46,89.0,86.0,,,,,,
FL,2,2026,0.42,68.0,0.47,91.0,80.0,,,,,,
FL,3,2026,0.6,100.0,0.51,100.0,95.0,,,,,,
FL,4,2026,0.41,64.0,0.33,57.0,55.0,,,,,,
FL,5,2026,0.58,100.0,0.54,100.0,91.0,,,,,,
FL,6,2026,0.72,100.0,0.49,98.0,95.0,,,,,,
FL,7,2026,0.45,81.0,0.41,77.0,71.0,,,,,,
FL,8,2026,0.44,78.0,0.45,86.0,66.0,,,,,,
FL,9,2026,0.49,98.0,0.37,67.0,62.0,,,,,,
FL,10,2026,0.44,77.0,0.36,65.0,65.0,,,,,,
FL,11,2026,0.39,57.0,0.33,57.0,58.0,,,,,,
FL,12,2026,0.39,55.0,0.4,75.0,63.0,,,,,,
FL,13,2026,0.5,100.0,0.56,100.0,94.0,,,,,,
FL,14,2026,0.5,100.0,0.44,84.0,77.0,,,,,,
FL,15,2026,0.32,28.0,0.26,39.0,37.0,,,,,,
FL,16,2026,0.37,48.0,0.37,67.0,63.0,,,,,,
FL,17,2026,0.25,2.0,0.32,54.0,45.0,,,,,,
FL,18,2026,0.61,100.0,0.41,78.0,82.0,,,,,,
FL,19,2026,0.45,80.0,0.39,71.0,67.0,,,,,,
FL,20,2026,0.49,94.0,0.42,79.0,73.0,,,,,,
FL,21,2026,0.49,98.0,0.51,100.0,80.0,,,,,,
FL,22,2026,0.45,81.0,0.4,74.0,69.0,,,,,,
FL,23,2026,0.51,100.0,0.48,94.0,86.0,,,,,,
FL,24,2026,0.41,65.0,0.32,56.0,61.0,,,,,,
FL,25,2026,0.18,0.0,0.17,17.0,28.0,,,,,,
FL,26,2026,0.5,100.0,0.53,100.0,95.0,,,,,,
FL,27,2026,0.67,100.0,0.69,100.0,100.0,,,,,,
FL,28,2026,0.2,0.0,0.23,34.0,23.0,,,,,,
GA,1,2022,0.5,100.0,0.29,49.0,57.0,263965.0,107837.0,156128.0,,,
GA,2,2022,0.5,99.0,0.27,42.0,56.0,241340.0,132675.0,108665.0,,,
GA,3,2022,0.47,89.0,0.28,45.0,57.0,310581.0,97057.0,213524.0,,,
GA,4,2022,0.3,21.0,0.25,38.0,45.0,275634.0,216332.0,59302.0,,,
GA,5,2022,0.6,100.0,0.33,58.0,65.0,295456.0,243687.0,51769.0,,,
GA,6,2022,0.47,86.0,0.2,25.0,40.0,332498.0,125612.0,206886.0,,,
GA,7,2022,0.42,67.0,0.38,71.0,65.0,235039.0,143063.0,91962.0,,,
GA,8,2022,0.37,46.0,0.21,28.0,42.0,260586.0,81886.0,178700.0,,,
GA,9,2022,0.33,33.0,0.24,36.0,40.0,294138.0,81318.0,212820.0,,,
GA,10,2022,0.51,100.0,0.28,46.0,59.0,307630.0,109107.0,198523.0,,,
GA,11,2022,0.48,93.0,0.21,26.0,39.0,303657.0,113571.0,190086.0,,,
GA,12,2022,0.56,100.0,0.28,45.0,63.0,265195.0,107148.0,158047.0,,,
GA,13,2022,0.34,34.0,0.16,14.0,21.0,264616.0,216388.0,48228.0,,,
GA,14,2022,0.45,79.0,0.37,68.0,66.0,258351.0,88189.0,170162.0,,,
GA,1,2024,0.5,100.0,0.29,49.0,57.0,,,,355857.0,135281.0,220576.0
GA,2,2024,0.5,99.0,0.27,42.0,56.0,,,,312501.0,176028.0,136473.0
GA,3,2024,0.47,89.0,0.28,45.0,57.0,,,,411785.0,138749.0,273036.0
GA,4,2024,0.45,79.0,0.2,25.0,35.0,,,,303361.0,229290.0,74071.0
GA,5,2024,0.45,80.0,0.26,40.0,51.0,,,,343691.0,294470.0,49221.0
GA,6,2024,0.39,57.0,0.26,39.0,44.0,,,,370936.0,277027.0,93909.0
GA,7,2024,0.37,47.0,0.24,34.0,47.0,,,,425442.0,149535.0,275907.0
GA,8,2024,0.37,46.0,0.21,28.0,42.0,,,,335981.0,104434.0,231547.0
GA,9,2024,0.42,67.0,0.17,18.0,31.0,,,,392816.0,121754.0,271062.0
GA,10,2024,0.52,100.0,0.23,33.0,49.0,,,,406716.0,150274.0,256442.0
GA,11,2024,0.53,100.0,0.28,46.0,56.0,,,,400913.0,131064.0,269849.0
GA,12,2024,0.56,100.0,0.28,45.0,63.0,,,,341266.0,135417.0,205849.0
GA,13,2024,0.29,18.0,0.13,8.0,14.0,,,,357632.0,256902.0,100730.0
GA,14,2024,0.43,72.0,0.29,48.0,50.0,,,,378205.0,134759.0,243446.0
HI,1,2022,0.4,59.0,0.44,84.0,66.0,202378.0,143546.0,51217.0,251432.0,164237.0,64373.0
HI,2,2022,0.0,0.0,0.06,0.0,1.0,216985.0,128407.0,72874.0,270804.0,166251.0,75471.0
IA,1,2022,0.28,11.0,0.27,43.0,38.0,309736.0,142173.0,162947.0,414078.0,206156.0,206955.0
IA,2,2022,0.45,81.0,0.39,73.0,69.0,321507.0,145940.0,172181.0,408802.0,169740.0,233340.0
IA,3,2022,0.36,44.0,0.32,56.0,57.0,315039.0,154117.0,156262.0,412905.0,197962.0,213746.0
IA,4,2022,0.44,76.0,0.26,41.0,47.0,284134.0,84230.0,186467.0,373824.0,122175.0,250522.0
ID,1,2022,0.29,14.0,0.2,24.0,36.0,312442.0,82261.0,222901.0,489086.0,118656.0,331049.0
ID,2,2022,0.51,100.0,0.31,53.0,59.0,271186.0,98736.0,172450.0,428514.0,126229.0,250119.0
IL,1,2022,0.26,6.0,0.13,8.0,11.0,237425.0,159142.0,78258.0,316507.0,208398.0,108064.0
IL,2,2022,0.41,65.0,0.29,48.0,47.0,209175.0,140414.0,68761.0,289843.0,195777.0,94004.0
IL,3,2022,0.15,0.0,0.08,0.0,1.0,177759.0,121764.0,55995.0,259908.0,174825.0,84987.0
IL,4,2022,0.33,31.0,0.11,4.0,16.0,133047.0,91036.0,37352.0,206396.0,139343.0,56323.0
IL,5,2022,0.12,0.0,0.07,0.0,1.0,274550.0,190999.0,79112.0,363965.0,251025.0,112931.0
IL,6,2022,0.38,51.0,0.16,15.0,27.0,276859.0,150496.0,126351.0,362849.0,196647.0,166116.0
IL,7,2022,0.23,0.0,0.12,4.0,7.0,167746.0,167650.0,0.0,267152.0,222408.0,44598.0
IL,8,2022,0.24,0.0,0.11,2.0,15.0,207215.0,117880.0,89335.0,303073.0,172920.0,130153.0
IL,9,2022,0.1,0.0,0.1,0.0,1.0,250530.0,179615.0,70915.0,338828.0,231722.0,107106.0
IL,10,2022,0.25,0.0,0.25,36.0,37.0,242165.0,152566.0,89599.0,327621.0,196358.0,131025.0
IL,11,2022,0.25,2.0,0.14,11.0,10.0,264241.0,149172.0,115069.0,359684.0,199825.0,159630.0
IL,12,2022,0.48,91.0,0.26,40.0,51.0,291171.0,72791.0,218379.0,367629.0,94875.0,272754.0
IL,13,2022,0.11,0.0,0.1,1.0,1.0,250450.0,141788.0,108646.0,329500.0,191339.0,137917.0
IL,14,2022,0.35,40.0,0.27,43.0,42.0,236600.0,128141.0,108451.0,332929.0,183446.0,149464.0
IL,15,2022,0.36,42.0,0.12,6.0,24.0,299403.0,86396.0,213007.0,310234.0,0.0,308825.0
IL,16,2022,0.33,32.0,0.09,0.0,15.0,297946.0,100325.0,197621.0,311108.0,0.0,310925.0
IL,17,2022,0.24,0.0,0.08,0.0,1.0,233123.0,121186.0,111931.0,312828.0,170261.0,142567.0
IN,1,2022,0.46,85.0,0.58,100.0,96.0,213207.0,112656.0,100542.0,322723.0,172467.0,145056.0
IN,2,2022,0.63,100.0,0.52,100.0,94.0,194073.0,62891.0,125313.0,294618.0,101962.0,184848.0
IN,3,2022,0.49,95.0,0.58,100.0,95.0,201542.0,60577.0,131579.0,311539.0,97871.0,202653.0
IN,4,2022,0.43,73.0,0.43,84.0,71.0,197698.0,62834.0,134864.0,323595.0,100091.0,209794.0
IN,5,2022,0.49,95.0,0.53,100.0,91.0,240009.0,93434.0,146575.0,359204.0,136554.0,203293.0
IN,6,2022,0.41,64.0,0.41,78.0,67.0,193524.0,62838.0,130686.0,314909.0,99841.0,201357.0
IN,7,2022,0.51,100.0,0.67,100.0,100.0,175180.0,117309.0,53631.0,272148.0,185987.0,78792.0
IN,8,2022,0.42,66.0,0.22,30.0,40.0,216040.0,68109.0,141995.0,323633.0,95311.0,219941.0
IN,9,2022,0.47,87.0,0.34,61.0,58.0,225276.0,75700.0,143166.0,345738.0,113400.0,222884.0
KS,1,2022,0.32,28.0,0.33,58.0,61.0,238425.0,77092.0,161333.0,304458.0,93965.0,210493.0
KS,2,2022,0.44,77.0,0.15,12.0,26.0,233358.0,98852.0,134506.0,302761.0,115685.0,172847.0
KS,3,2022,0.4,61.0,0.47,93.0,70.0,301294.0,165527.0,128839.0,393333.0,209871.0,167570.0
KS,4,2022,0.34,37.0,0.42,80.0,82.0,228740.0,83851.0,144889.0,305097.0,106632.0,198465.0
KY,1,2022,0.15,0.0,0.09,0.0,3.0,245858.0,61701.0,184157.0,338253.0,85524.0,252729.0
KY,2,2022,0.49,96.0,0.22,31.0,49.0,237256.0,66769.0,170487.0,345855.0,93029.0,252826.0
KY,3,2022,0.36,45.0,0.42,81.0,66.0,259587.0,160920.0,98637.0,327864.0,203100.0,124713.0
KY,4,2022,0.19,0.0,0.15,12.0,11.0,257629.0,79977.0,167541.0,279517.0,0.0,278386.0
KY,5,2022,0.4,58.0,0.27,43.0,53.0,216270.0,38549.0,177712.0,261407.0,0.0,261407.0
KY,6,2022,0.44,75.0,0.25,38.0,52.0,246818.0,83005.0,154762.0,352638.0,130345.0,222293.0
LA,1,2022,0.46,85.0,0.16,15.0,35.0,244044.0,61467.0,177670.0,,,
LA,2,2022,0.15,0.0,0.06,0.0,1.0,205047.0,158120.0,46927.0,,,
LA,3,2022,0.33,30.0,0.28,45.0,55.0,224552.0,44813.0,174864.0,,,
LA,4,2022,0.34,38.0,0.16,14.0,25.0,1.0,0.0,1.0,,,
LA,5,2022,0.36,43.0,0.12,6.0,20.0,223553.0,54532.0,169021.0,,,
LA,6,2022,0.45,81.0,0.07,0.0,20.0,235928.0,0.0,205219.0,,,
LA,1,2024,0.49,95.0,0.15,14.0,33.0,,,,357720.0,85911.0,265028.0
LA,2,2024,0.2,0.0,0.11,2.0,12.0,,,,305184.0,216491.0,88693.0
LA,3,2024,0.25,0.0,0.18,20.0,33.0,,,,320682.0,81157.0,239525.0
LA,4,2024,0.41,63.0,0.08,0.0,29.0,,,,306248.0,0.0,306248.0
LA,5,2024,0.32,30.0,0.08,0.0,8.0,,,,319851.0,82981.0,236870.0
LA,6,2024,0.12,0.0,0.05,0.0,1.0,,,,296033.0,184296.0,111737.0
MA,1,2022,0.28,12.0,0.26,41.0,44.0,263651.0,157635.0,98386.0,385005.0,223325.0,0.0
MA,2,2022,0.26,4.0,0.2,26.0,32.0,280071.0,180639.0,91956.0,389337.0,251441.0,0.0
MA,3,2022,0.22,0.0,0.21,27.0,31.0,251389.0,154496.0,88585.0,362678.0,264698.0,0.0
MA,4,2022,0.42,68.0,0.18,19.0,26.0,291569.0,201882.0,0.0,411578.0,289347.0,0.0
MA,5,2022,0.25,0.0,0.18,19.0,25.0,284881.0,203994.0,71491.0,379701.0,286689.0,0.0
MA,6,2022,0.45,80.0,0.38,69.0,67.0,323032.0,198119.0,110770.0,438573.0,321186.0,0.0
MA,7,2022,0.27,8.0,0.09,0.0,3.0,189830.0,151825.0,27129.0,283194.0,232094.0,0.0
MA,8,2022,0.33,31.0,0.13,8.0,19.0,284583.0,189987.0,82126.0,397767.0,265432.0,110638.0
MA,9,2022,0.56,100.0,0.26,39.0,52.0,342455.0,197823.0,136347.0,465097.0,251931.0,193822.0
MD,1,2022,0.36,45.0,0.36,66.0,51.0,293358.0,126511.0,159673.0,414680.0,154985.0,246356.0
MD,2,2022,0.25,0.0,0.19,21.0,32.0,268434.0,158998.0,109075.0,384794.0,223797.0,152079.0
MD,3,2022,0.26,3.0,0.27,41.0,45.0,291602.0,175514.0,115801.0,399200.0,236681.0,151186.0
MD,4,2022,0.35,42.0,0.23,33.0,36.0,160009.0,144168.0,15441.0,270970.0,239596.0,30454.0
MD,5,2022,0.4,61.0,0.34,61.0,55.0,276920.0,182478.0,94000.0,418603.0,283619.0,133985.0
MD,6,2022,0.15,0.0,0.11,3.0,5.0,256398.0,140295.0,115771.0,376624.0,199788.0,175974.0
MD,7,2022,0.24,0.0,0.28,44.0,41.0,184801.0,151640.0,32737.0,290137.0,232849.0,49799.0
MD,8,2022,0.59,100.0,0.31,53.0,61.0,264206.0,211842.0,47965.0,380320.0,292101.0,77821.0
ME,1,2022,0.28,13.0,0.16,15.0,19.0,358138.0,219753.0,129263.0,439567.0,249798.0,154849.0
ME,2,2022,0.53,100.0,0.29,49.0,58.0,656104.0,165136.0,146142.0,402936.0,197151.0,194445.0
MI,1,2022,0.3,21.0,0.36,65.0,68.0,388599.0,145403.0,233094.0,477184.0,180937.0,282264.0
MI,2,2022,0.49,97.0,0.4,74.0,67.0,339521.0,116452.0,216222.0,428550.0,135824.0,279167.0
MI,3,2022,0.24,0.0,0.27,43.0,49.0,338988.0,185989.0,142229.0,420289.0,225510.0,183952.0
MI,4,2022,0.33,32.0,0.37,67.0,64.0,338348.0,143690.0,183936.0,425817.0,184641.0,234489.0
MI,5,2022,0.14,0.0,0.22,31.0,45.0,317258.0,110946.0,198020.0,409876.0,134282.0,269215.0
MI,6,2022,0.32,29.0,0.37,68.0,58.0,366927.0,241759.0,125167.0,453306.0,281162.0,158658.0
MI,7,2022,0.43,72.0,0.51,100.0,93.0,372708.0,192809.0,172624.0,450912.0,209959.0,226722.0
MI,8,2022,0.49,97.0,0.45,89.0,68.0,335829.0,178322.0,143850.0,424350.0,217490.0,189317.0
MI,9,2022,0.57,100.0,0.55,100.0,88.0,372922.0,123702.0,238300.0,468238.0,138138.0,312593.0
MI,10,2022,0.39,55.0,0.45,87.0,69.0,326237.0,157602.0,159202.0,425301.0,191363.0,217437.0
MI,11,2022,0.42,66.0,0.41,78.0,72.0,366179.0,224537.0,141642.0,447925.0,260780.0,177432.0
MI,12,2022,0.6,100.0,0.49,97.0,84.0,277577.0,196643.0,72888.0,363499.0,253354.0,92490.0
MI,13,2022,0.17,0.0,0.25,39.0,33.0,234444.0,166650.0,56187.0,321649.0,220788.0,78917.0
MN,1,2022,0.17,0.0,0.24,36.0,47.0,296547.0,0.0,159621.0,377601.0,0.0,220929.0
MN,2,2022,0.35,38.0,0.35,62.0,65.0,325472.0,165583.0,148576.0,417319.0,231751.0,175621.0
MN,3,2022,0.52,100.0,0.29,47.0,51.0,333921.0,198883.0,134797.0,411140.0,0.0,170427.0
MN,4,2022,0.45,80.0,0.52,100.0,93.0,295973.0,200055.0,95493.0,361043.0,242802.0,117618.0
MN,5,2022,0.6,100.0,0.45,88.0,79.0,288206.0,214224.0,70702.0,351047.0,261066.0,86213.0
MN,6,2022,0.41,63.0,0.22,30.0,32.0,319767.0,0.0,198145.0,416496.0,0.0,260095.0
MN,7,2022,0.38,53.0,0.17,18.0,34.0,305866.0,0.0,204766.0,390510.0,0.0,275098.0
MN,8,2022,0.33,31.0,0.25,39.0,40.0,330080.0,0.0,188755.0,421606.0,0.0,244498.0
MO,1,2022,0.57,100.0,0.31,53.0,57.0,220958.0,160999.0,53767.0,307265.0,233312.0,56453.0
MO,2,2022,0.41,65.0,0.29,48.0,55.0,315666.0,135895.0,173277.0,428392.0,182056.0,233444.0
MO,3,2022,0.3,20.0,0.15,13.0,24.0,277597.0,96851.0,180746.0,392463.0,138532.0,240620.0
MO,4,2022,0.51,100.0,0.3,49.0,59.0,255079.0,67069.0,181890.0,365696.0,96568.0,259886.0
MO,5,2022,0.42,68.0,0.4,74.0,69.0,230555.0,140688.0,84008.0,331929.0,199900.0,120957.0
MO,6,2022,0.25,0.0,0.28,44.0,54.0,262892.0,72253.0,184865.0,375186.0,100999.0,265210.0
MO,7,2022,0.45,81.0,0.5,99.0,94.0,251947.0,67485.0,178592.0,367868.0,96655.0,263231.0
MO,8,2022,0.43,70.0,0.26,40.0,46.0,245395.0,53738.0,186472.0,356064.0,77649.0,271249.0
MO,1,2026,0.57,100.0,0.46,91.0,73.0,,,,,,
MO,2,2026,0.54,100.0,0.4,76.0,69.0,,,,,,
MO,3,2026,0.36,43.0,0.35,62.0,63.0,,,,,,
MO,4,2026,0.39,57.0,0.33,58.0,58.0,,,,,,
MO,5,2026,0.29,17.0,0.2,25.0,34.0,,,,,,
MO,6,2026,0.28,13.0,0.32,55.0,67.0,,,,,,
MO,7,2026,0.45,81.0,0.5,99.0,94.0,,,,,,
MO,8,2026,0.43,70.0,0.26,40.0,46.0,,,,,,
MS,1,2022,0.47,87.0,0.38,70.0,67.0,167389.0,45238.0,122151.0,320286.0,96697.0,223589.0
MS,2,2022,0.35,38.0,0.13,7.0,31.0,180169.0,108285.0,71884.0,286841.0,177885.0,108956.0
MS,3,2022,0.36,45.0,0.25,37.0,39.0,187284.0,54803.0,132481.0,265159.0,0.0,265159.0
MS,4,2022,0.61,100.0,0.48,94.0,90.0,174258.0,42876.0,127813.0,290866.0,75771.0,215095.0
MT,1,2022,0.35,40.0,0.2,25.0,33.0,247960.0,115265.0,123102.0,322266.0,143783.0,168529.0
MT,2,2022,0.45,80.0,0.46,90.0,95.0,215672.0,43480.0,121979.0,275545.0,93713.0,181832.0
NC,1,2022,0.38,51.0,0.38,71.0,73.0,257776.0,134996.0,122780.0,,,
NC,2,2022,0.34,37.0,0.32,55.0,55.0,294869.0,190714.0,104155.0,,,
NC,3,2022,0.34,35.0,0.2,25.0,30.0,248898.0,82378.0,166520.0,,,
NC,4,2022,0.41,65.0,0.46,89.0,80.0,291425.0,194983.0,96442.0,,,
NC,5,2022,0.25,2.0,0.22,30.0,40.0,277548.0,102269.0,175279.0,,,
NC,6,2022,0.43,71.0,0.4,76.0,69.0,258998.0,139553.0,116635.0,,,
NC,7,2022,0.46,82.0,0.37,67.0,62.0,284269.0,120222.0,164047.0,,,
NC,8,2022,0.54,100.0,0.32,56.0,61.0,263190.0,79192.0,183998.0,,,
NC,9,2022,0.52,100.0,0.31,52.0,59.0,232655.0,101202.0,131453.0,,,
NC,10,2022,0.41,66.0,0.34,60.0,62.0,268207.0,73174.0,194681.0,,,
NC,11,2022,0.31,22.0,0.3,51.0,62.0,323912.0,144165.0,174232.0,,,
NC,12,2022,0.61,100.0,0.37,66.0,72.0,223908.0,140494.0,83414.0,,,
NC,13,2022,0.46,82.0,0.3,49.0,61.0,277346.0,143090.0,134256.0,,,
NC,14,2022,0.37,48.0,0.24,34.0,41.0,257752.0,148738.0,109014.0,,,
NC,1,2024,0.36,44.0,0.26,40.0,45.0,,,,376324.0,186341.0,180034.0
NC,2,2024,0.4,59.0,0.28,44.0,52.0,,,,405517.0,268662.0,128164.0
NC,3,2024,0.31,23.0,0.25,37.0,40.0,,,,320841.0,0.0,248276.0
NC,4,2024,0.49,96.0,0.26,39.0,52.0,,,,428780.0,308064.0,112084.0
NC,5,2024,0.24,0.0,0.22,30.0,37.0,,,,400694.0,162390.0,238304.0
NC,6,2024,0.41,63.0,0.3,49.0,48.0,,,,337320.0,0.0,233303.0
NC,7,2024,0.54,100.0,0.29,47.0,54.0,,,,433534.0,179512.0,254022.0
NC,8,2024,0.32,27.0,0.27,44.0,43.0,,,,400349.0,161709.0,238640.0
NC,9,2024,0.44,76.0,0.17,18.0,33.0,,,,373077.0,140852.0,210042.0
NC,10,2024,0.26,3.0,0.27,43.0,38.0,,,,406695.0,155383.0,233814.0
NC,11,2024,0.26,5.0,0.26,41.0,53.0,,,,432523.0,186977.0,245546.0
NC,12,2024,0.57,100.0,0.28,45.0,61.0,,,,350755.0,259627.0,91128.0
NC,13,2024,0.38,52.0,0.14,10.0,19.0,,,,415490.0,171835.0,243655.0
NC,14,2024,0.29,18.0,0.16,15.0,20.0,,,,401256.0,168269.0,232987.0
NC,1,2026,0.42,70.0,0.33,57.0,59.0,,,,,,
NC,2,2026,0.4,59.0,0.28,44.0,52.0,,,,,,
NC,3,2026,0.57,100.0,0.27,42.0,53.0,,,,,,
NC,4,2026,0.49,96.0,0.26,39.0,52.0,,,,,,
NC,5,2026,0.24,0.0,0.22,30.0,37.0,,,,,,
NC,6,2026,0.41,63.0,0.3,49.0,48.0,,,,,,
NC,7,2026,0.54,100.0,0.29,47.0,54.0,,,,,,
NC,8,2026,0.32,27.0,0.27,44.0,43.0,,,,,,
NC,9,2026,0.44,76.0,0.17,18.0,33.0,,,,,,
NC,10,2026,0.26,3.0,0.27,43.0,38.0,,,,,,
NC,11,2026,0.26,5.0,0.26,41.0,53.0,,,,,,
NC,12,2026,0.57,100.0,0.28,45.0,61.0,,,,,,
NC,13,2026,0.38,52.0,0.14,10.0,19.0,,,,,,
NC,14,2026,0.29,18.0,0.16,15.0,20.0,,,,,,
ND,AL,2022,0.43,70.0,0.44,84.0,99.0,238586.0,0.0,148399.0,359787.0,0.0,249101.0
NE,1,2022,0.38,51.0,0.25,36.0,41.0,223165.0,93929.0,129236.0,312057.0,124498.0,187559.0
NE,2,2022,0.38,52.0,0.38,69.0,78.0,219470.0,106807.0,112663.0,314567.0,154369.0,160198.0
NE,3,2022,0.29,17.0,0.28,45.0,61.0,220552.0,34836.0,172700.0,302768.0,59287.0,243481.0
NH,1,2022,0.33,34.0,0.16,15.0,21.0,309962.0,167391.0,142229.0,416562.0,218577.0,185936.0
NH,2,2022,0.3,20.0,0.16,16.0,31.0,307584.0,171636.0,135579.0,414424.0,211641.0,187810.0
NJ,1,2022,0.46,83.0,0.38,70.0,67.0,223884.0,139559.0,78794.0,361060.0,208808.0,144390.0
NJ,2,2022,0.33,32.0,0.26,40.0,34.0,236484.0,94522.0,139217.0,371620.0,153117.0,215946.0
NJ,3,2022,0.35,39.0,0.25,36.0,31.0,271376.0,150498.0,118415.0,379484.0,202034.0,169454.0
NJ,4,2022,0.5,100.0,0.28,45.0,53.0,258962.0,81233.0,173288.0,394228.0,124803.0,265652.0
NJ,5,2022,0.24,0.0,0.24,36.0,33.0,265943.0,145559.0,117873.0,381889.0,208359.0,165287.0
NJ,6,2022,0.26,4.0,0.15,12.0,14.0,184919.0,106238.0,75839.0,303681.0,170275.0,122519.0
NJ,7,2022,0.46,83.0,0.2,26.0,36.0,310093.0,150701.0,159392.0,431398.0,200025.0,223331.0
NJ,8,2022,0.26,6.0,0.11,2.0,11.0,106473.0,78382.0,24957.0,196765.0,116434.0,68152.0
NJ,9,2022,0.28,11.0,0.17,16.0,15.0,149984.0,82457.0,65365.0,257013.0,130514.0,117939.0
NJ,10,2022,0.32,26.0,0.11,4.0,13.0,129707.0,100710.0,25993.0,244577.0,182020.0,54405.0
NJ,11,2022,0.52,100.0,0.21,28.0,49.0,273664.0,161436.0,109952.0,393751.0,222583.0,164556.0
NJ,12,2022,0.33,33.0,0.17,18.0,29.0,198227.0,125127.0,71175.0,321660.0,196871.0,117222.0
NM,1,2022,0.43,73.0,0.29,48.0,53.0,280671.0,156462.0,124151.0,342749.0,193203.0,149546.0
NM,2,2022,0.35,42.0,0.29,48.0,50.0,192673.0,96986.0,95636.0,265322.0,138177.0,127145.0
NM,3,2022,0.32,27.0,0.26,41.0,38.0,230782.0,134217.0,96565.0,288427.0,162342.0,126085.0
NV,1,2022,0.56,100.0,0.43,82.0,81.0,224349.0,115700.0,103115.0,322899.0,167885.0,143650.0
NV,2,2022,0.49,98.0,0.56,100.0,100.0,310498.0,117371.0,185467.0,399584.0,0.0,219919.0
NV,3,2022,0.24,0.0,0.25,38.0,38.0,252169.0,131086.0,121083.0,372388.0,191304.0,181084.0
NV,4,2022,0.41,62.0,0.49,97.0,86.0,222487.0,116617.0,105870.0,332206.0,174926.0,148061.0
NY,1,2022,0.22,0.0,0.33,58.0,64.0,327052.0,141907.0,177040.0,,,
NY,2,2022,0.26,5.0,0.4,75.0,75.0,256117.0,97774.0,151178.0,,,
NY,3,2022,0.41,64.0,0.37,68.0,59.0,279772.0,125404.0,145824.0,,,
NY,4,2022,0.6,100.0,0.59,100.0,100.0,278548.0,130871.0,140622.0,,,
NY,5,2022,0.28,10.0,0.27,43.0,35.0,144316.0,104396.0,34407.0,,,
NY,6,2022,0.28,11.0,0.22,29.0,41.0,137692.0,85049.0,47935.0,,,
NY,7,2022,0.39,54.0,0.23,33.0,37.0,153557.0,119473.0,28597.0,,,
NY,8,2022,0.33,32.0,0.25,37.0,31.0,144476.0,99079.0,39060.0,,,
NY,9,2022,0.56,100.0,0.39,72.0,72.0,167533.0,116970.0,0.0,,,
NY,10,2022,0.57,100.0,0.36,65.0,64.0,202131.0,160582.0,29058.0,,,
NY,11,2022,0.45,79.0,0.54,100.0,91.0,191083.0,71801.0,115992.0,,,
NY,12,2022,0.52,100.0,0.42,80.0,75.0,251078.0,200890.0,44173.0,,,
NY,13,2022,0.36,44.0,0.28,45.0,37.0,142795.0,116589.0,0.0,,,
NY,14,2022,0.34,38.0,0.32,55.0,56.0,122582.0,82453.0,31935.0,,,
NY,15,2022,0.42,69.0,0.24,34.0,36.0,101732.0,76406.0,15882.0,,,
NY,16,2022,0.55,100.0,0.5,99.0,89.0,221597.0,133567.0,74156.0,,,
NY,17,2022,0.44,74.0,0.39,72.0,66.0,291308.0,141730.0,143550.0,,,
NY,18,2022,0.37,46.0,0.3,50.0,51.0,272617.0,135245.0,131653.0,,,
NY,19,2022,0.26,3.0,0.24,35.0,41.0,292577.0,141509.0,146004.0,,,
NY,20,2022,0.47,87.0,0.39,73.0,66.0,295722.0,160420.0,130869.0,,,
NY,21,2022,0.58,100.0,0.26,41.0,56.0,289617.0,112645.0,168579.0,,,
NY,22,2022,0.42,69.0,0.41,78.0,72.0,273981.0,132913.0,135544.0,,,
NY,23,2022,0.24,0.0,0.3,49.0,51.0,306126.0,104114.0,192694.0,,,
NY,24,2022,0.25,0.0,0.18,19.0,21.0,285525.0,95028.0,182054.0,,,
NY,25,2022,0.46,86.0,0.51,100.0,90.0,284990.0,152022.0,130190.0,,,
NY,26,2022,0.55,100.0,0.48,95.0,78.0,251300.0,156883.0,88339.0,,,
NY,1,2024,0.23,0.0,0.37,69.0,72.0,,,,430460.0,183540.0,226285.0
NY,2,2024,0.34,35.0,0.49,98.0,91.0,,,,363116.0,136371.0,202597.0
NY,3,2024,0.45,82.0,0.42,80.0,71.0,,,,381882.0,187651.0,174693.0
NY,4,2024,0.6,100.0,0.59,100.0,100.0,,,,392330.0,191760.0,183157.0
NY,5,2024,0.28,10.0,0.27,43.0,35.0,,,,243796.0,168425.0,56689.0
NY,6,2024,0.28,11.0,0.25,38.0,45.0,,,,211157.0,120205.0,74559.0
NY,7,2024,0.37,48.0,0.25,39.0,40.0,,,,237335.0,172795.0,48435.0
NY,8,2024,0.33,33.0,0.23,33.0,30.0,,,,241150.0,168036.0,54863.0
NY,9,2024,0.56,100.0,0.38,69.0,70.0,,,,253334.0,173207.0,60064.0
NY,10,2024,0.56,100.0,0.36,66.0,64.0,,,,279274.0,206206.0,37555.0
NY,11,2024,0.45,79.0,0.54,100.0,91.0,,,,274589.0,93586.0,167099.0
NY,12,2024,0.52,100.0,0.42,80.0,75.0,,,,341969.0,260165.0,62989.0
NY,13,2024,0.36,44.0,0.28,45.0,37.0,,,,241890.0,181800.0,35822.0
NY,14,2024,0.34,36.0,0.33,58.0,57.0,,,,204917.0,132714.0,59078.0
NY,15,2024,0.41,63.0,0.23,32.0,37.0,,,,188545.0,130392.0,36010.0
NY,16,2024,0.55,100.0,0.44,84.0,80.0,,,,331087.0,217668.0,86408.0
NY,17,2024,0.44,74.0,0.43,82.0,71.0,,,,393960.0,173899.0,197845.0
NY,18,2024,0.35,38.0,0.25,37.0,34.0,,,,376288.0,207106.0,155129.0
NY,19,2024,0.25,1.0,0.18,20.0,29.0,,,,389326.0,192647.0,184290.0
NY,20,2024,0.4,60.0,0.29,47.0,52.0,,,,377748.0,221997.0,141151.0
NY,21,2024,0.63,100.0,0.34,60.0,69.0,,,,360458.0,132447.0,215996.0
NY,22,2024,0.35,38.0,0.34,60.0,63.0,,,,367263.0,194450.0,161939.0
NY,23,2024,0.19,0.0,0.2,26.0,31.0,,,,397621.0,128397.0,246969.0
NY,24,2024,0.28,10.0,0.18,19.0,23.0,,,,378911.0,123317.0,235867.0
NY,25,2024,0.57,100.0,0.64,100.0,100.0,,,,379616.0,219175.0,141195.0
NY,26,2024,0.44,77.0,0.43,82.0,71.0,,,,342404.0,209131.0,111772.0
OH,1,2022,0.29,15.0,0.24,36.0,27.0,296474.0,156416.0,140058.0,391909.0,213916.0,177993.0
OH,2,2022,0.38,53.0,0.3,51.0,54.0,257862.0,65745.0,192117.0,364616.0,96401.0,268211.0
OH,3,2022,0.59,100.0,0.49,98.0,93.0,258797.0,182324.0,76455.0,342987.0,242632.0,100355.0
OH,4,2022,0.3,19.0,0.29,49.0,50.0,290156.0,89383.0,200773.0,399202.0,125905.0,273297.0
OH,5,2022,0.2,0.0,0.19,23.0,22.0,279937.0,92634.0,187303.0,378657.0,123024.0,255633.0
OH,6,2022,0.33,31.0,0.22,30.0,40.0,280383.0,90500.0,189883.0,368375.0,122515.0,245860.0
OH,7,2022,0.34,35.0,0.23,32.0,33.0,303573.0,135485.0,168002.0,400371.0,144613.0,204494.0
OH,8,2022,0.37,46.0,0.31,51.0,51.0,278916.0,98629.0,180287.0,378128.0,140625.0,237503.0
OH,9,2022,0.2,0.0,0.24,36.0,38.0,266017.0,150655.0,115362.0,375195.0,181098.0,178716.0
OH,10,2022,0.43,73.0,0.41,78.0,78.0,272961.0,104634.0,168327.0,370746.0,145420.0,213695.0
OH,11,2022,0.55,100.0,0.41,79.0,71.0,215710.0,167722.0,47988.0,302413.0,236883.0,59394.0
OH,12,2022,0.61,100.0,0.3,50.0,59.0,276237.0,84893.0,191344.0,380188.0,119738.0,260450.0
OH,13,2022,0.49,98.0,0.29,47.0,58.0,284409.0,149816.0,134593.0,386390.0,197466.0,188924.0
OH,14,2022,0.55,100.0,0.69,100.0,100.0,297028.0,113639.0,183389.0,383858.0,140431.0,243427.0
OH,15,2022,0.23,0.0,0.14,11.0,12.0,251251.0,108139.0,143112.0,347749.0,151411.0,196338.0
OH,1,2026,0.21,0.0,0.15,11.0,15.0,,,,,,
OH,2,2026,0.24,0.0,0.24,34.0,40.0,,,,,,
OH,3,2026,0.59,100.0,0.49,98.0,93.0,,,,,,
OH,4,2026,0.3,19.0,0.28,44.0,50.0,,,,,,
OH,5,2026,0.34,37.0,0.26,41.0,44.0,,,,,,
OH,6,2026,0.44,75.0,0.27,41.0,51.0,,,,,,
OH,7,2026,0.29,16.0,0.19,22.0,24.0,,,,,,
OH,8,2026,0.34,38.0,0.18,21.0,29.0,,,,,,
OH,9,2026,0.24,0.0,0.26,41.0,35.0,,,,,,
OH,10,2026,0.4,58.0,0.42,81.0,71.0,,,,,,
OH,11,2026,0.55,100.0,0.41,79.0,71.0,,,,,,
OH,12,2026,0.33,30.0,0.28,45.0,47.0,,,,,,
OH,13,2026,0.45,80.0,0.28,44.0,54.0,,,,,,
OH,14,2026,0.56,100.0,0.6,100.0,100.0,,,,,,
OH,15,2026,0.28,11.0,0.15,13.0,11.0,,,,,,
OK,1,2022,0.39,57.0,0.32,54.0,52.0,233495.0,80974.0,142800.0,312501.0,107903.0,188832.0
OK,2,2022,0.48,92.0,0.28,45.0,57.0,231672.0,54194.0,167843.0,321025.0,68841.0,238123.0
OK,3,2022,0.22,0.0,0.22,30.0,32.0,197772.0,50354.0,147418.0,1.0,0.0,1.0
OK,4,2022,0.39,55.0,0.25,38.0,48.0,224546.0,74667.0,149879.0,306473.0,86641.0,199962.0
OK,5,2022,0.47,89.0,0.35,62.0,58.0,258826.0,96799.0,152699.0,342107.0,134471.0,207636.0
OR,1,2022,0.47,89.0,0.39,73.0,66.0,310243.0,210682.0,99042.0,351991.0,241556.0,98908.0
OR,2,2022,0.4,58.0,0.39,72.0,77.0,308676.0,99882.0,208369.0,351489.0,115337.0,224601.0
OR,3,2022,0.29,15.0,0.32,55.0,57.0,303334.0,212119.0,79766.0,334369.0,226405.0,84344.0
OR,4,2022,0.38,51.0,0.25,37.0,35.0,339077.0,171372.0,146055.0,378765.0,195862.0,166430.0
OR,5,2022,0.43,72.0,0.2,26.0,35.0,351233.0,171514.0,178813.0,401293.0,191365.0,180420.0
OR,6,2022,0.47,89.0,0.36,65.0,64.0,294377.0,147156.0,139946.0,339065.0,180869.0,157634.0
PA,1,2022,0.32,29.0,0.38,71.0,63.0,367380.0,165809.0,201571.0,463432.0,202042.0,261390.0
PA,2,2022,0.33,32.0,0.44,84.0,70.0,186683.0,141229.0,45454.0,271046.0,193691.0,77355.0
PA,3,2022,0.47,86.0,0.32,56.0,53.0,263935.0,251115.0,0.0,340223.0,340223.0,0.0
PA,4,2022,0.21,0.0,0.16,16.0,26.0,366785.0,224799.0,141986.0,455523.0,269066.0,186457.0
PA,5,2022,0.36,45.0,0.25,37.0,42.0,315186.0,205128.0,110058.0,410109.0,267754.0,142355.0
PA,6,2022,0.43,72.0,0.28,45.0,48.0,326483.0,190386.0,136097.0,419263.0,235625.0,183638.0
PA,7,2022,0.46,85.0,0.4,76.0,67.0,296891.0,151364.0,145527.0,403314.0,199626.0,203688.0
PA,8,2022,0.45,79.0,0.28,44.0,50.0,286886.0,146956.0,139930.0,385074.0,189411.0,195663.0
PA,9,2022,0.47,89.0,0.27,42.0,50.0,301807.0,92622.0,209185.0,391735.0,115523.0,276212.0
PA,10,2022,0.43,71.0,0.27,42.0,45.0,314546.0,145215.0,169331.0,406001.0,200434.0,205567.0
PA,11,2022,0.37,49.0,0.35,63.0,69.0,316826.0,121835.0,194991.0,403313.0,149641.0,253672.0
PA,12,2022,0.49,96.0,0.18,19.0,44.0,328620.0,184674.0,143946.0,416228.0,234802.0,181426.0
PA,13,2022,0.46,83.0,0.36,64.0,71.0,260345.0,0.0,260345.0,406283.0,104823.0,301460.0
PA,14,2022,0.42,69.0,0.29,48.0,53.0,230865.0,0.0,230865.0,403135.0,134755.0,268380.0
PA,15,2022,0.46,84.0,0.4,74.0,78.0,305146.0,91729.0,213417.0,390435.0,111408.0,279027.0
PA,16,2022,0.46,85.0,0.42,80.0,75.0,320989.0,130443.0,190546.0,403632.0,146709.0,256923.0
PA,17,2022,0.42,68.0,0.26,39.0,47.0,362628.0,193615.0,169013.0,450738.0,242838.0,207900.0
RI,1,2022,0.29,17.0,0.27,41.0,27.0,156734.0,100318.0,56055.0,221118.0,139352.0,70742.0
RI,2,2022,0.41,65.0,0.32,56.0,54.0,201089.0,101432.0,93969.0,263480.0,153439.0,109381.0
SC,1,2022,0.29,16.0,0.15,11.0,27.0,272681.0,115796.0,153757.0,390777.0,162582.0,227502.0
SC,2,2022,0.44,77.0,0.17,18.0,37.0,246126.0,98081.0,147699.0,355285.0,142985.0,211514.0
SC,3,2022,0.43,72.0,0.35,61.0,64.0,194569.0,0.0,189971.0,346713.0,87735.0,248451.0
SC,4,2022,0.36,43.0,0.24,34.0,46.0,182365.0,0.0,165607.0,346414.0,128976.0,206916.0
SC,5,2022,0.3,18.0,0.23,32.0,43.0,241707.0,83299.0,154725.0,359409.0,130592.0,228260.0
SC,6,2022,0.37,46.0,0.08,0.0,13.0,211028.0,130923.0,79879.0,305977.0,182056.0,112360.0
SC,7,2022,0.35,38.0,0.3,49.0,52.0,253865.0,89030.0,164440.0,370329.0,129522.0,240326.0
SD,AL,2022,0.41,65.0,0.5,100.0,96.0,327841.0,0.0,253821.0,421448.0,117818.0,303630.0
TN,1,2022,0.29,14.0,0.26,40.0,48.0,188003.0,37049.0,147241.0,330199.0,64021.0,257825.0
TN,2,2022,0.39,55.0,0.16,16.0,28.0,207762.0,66673.0,141089.0,362098.0,111316.0,250782.0
TN,3,2022,0.35,40.0,0.16,14.0,27.0,199830.0,60334.0,136639.0,350328.0,102841.0,236519.0
TN,4,2022,0.23,0.0,0.19,22.0,32.0,173437.0,44648.0,122401.0,313255.0,83832.0,219133.0
TN,5,2022,0.24,0.0,0.13,8.0,12.0,221275.0,93648.0,123558.0,360714.0,142387.0,205075.0
TN,6,2022,0.3,22.0,0.24,34.0,46.0,195063.0,65675.0,129388.0,331687.0,106144.0,225543.0
TN,7,2022,0.42,69.0,0.26,41.0,50.0,180822.0,68973.0,108421.0,322656.0,122764.0,191992.0
TN,8,2022,0.56,100.0,0.28,44.0,69.0,210315.0,51102.0,155602.0,332315.0,85043.0,240411.0
TN,9,2022,0.29,17.0,0.12,4.0,19.0,133918.0,93800.0,35123.0,223703.0,159522.0,57411.0
TN,1,2026,0.29,14.0,0.26,40.0,48.0,,,,,,
TN,2,2026,0.39,55.0,0.16,16.0,28.0,,,,,,
TN,3,2026,0.32,27.0,0.21,26.0,38.0,,,,,,
TN,4,2026,0.39,56.0,0.23,33.0,42.0,,,,,,
TN,5,2026,0.17,0.0,0.08,0.0,1.0,,,,,,
TN,6,2026,0.24,0.0,0.24,34.0,52.0,,,,,,
TN,7,2026,0.28,12.0,0.26,40.0,52.0,,,,,,
TN,8,2026,0.29,18.0,0.2,24.0,37.0,,,,,,
TN,9,2026,0.14,0.0,0.13,7.0,18.0,,,,,,
TX,1,2022,0.34,37.0,0.17,17.0,31.0,234662.0,51438.0,183224.0,258523.0,0.0,258523.0
TX,2,2022,0.39,57.0,0.23,33.0,38.0,230287.0,78496.0,151791.0,326883.0,112252.0,214631.0
TX,3,2022,0.44,75.0,0.33,59.0,68.0,271256.0,100121.0,164240.0,380747.0,142953.0,237794.0
TX,4,2022,0.22,0.0,0.08,0.0,6.0,256009.0,79179.0,170781.0,353299.0,111696.0,241603.0
TX,5,2022,0.3,20.0,0.15,12.0,24.0,211965.0,71930.0,135595.0,299897.0,107712.0,192185.0
TX,6,2022,0.26,4.0,0.15,13.0,22.0,149321.0,0.0,149321.0,286438.0,98319.0,188119.0
TX,7,2022,0.22,0.0,0.09,0.0,2.0,181829.0,115994.0,65835.0,244471.0,149820.0,94651.0
TX,8,2022,0.29,16.0,0.23,32.0,31.0,224968.0,68715.0,153127.0,342177.0,108754.0,233423.0
TX,9,2022,0.43,71.0,0.16,15.0,34.0,163607.0,125446.0,38161.0,184141.0,184141.0,0.0
TX,10,2022,0.34,37.0,0.19,22.0,29.0,251937.0,86404.0,159469.0,347818.0,118280.0,221229.0
TX,11,2022,0.22,0.0,0.29,47.0,46.0,151066.0,0.0,151066.0,211975.0,0.0,211975.0
TX,12,2022,0.37,49.0,0.2,26.0,42.0,237979.0,85026.0,152953.0,339718.0,124154.0,215564.0
TX,13,2022,0.24,0.0,0.27,44.0,35.0,214677.0,52910.0,161767.0,240622.0,0.0,240622.0
TX,14,2022,0.18,0.0,0.16,15.0,15.0,213149.0,63606.0,149543.0,306195.0,95875.0,210320.0
TX,15,2022,0.13,0.0,0.12,4.0,9.0,151889.0,68097.0,80978.0,223769.0,95965.0,127804.0
TX,16,2022,0.26,6.0,0.23,32.0,39.0,150496.0,95510.0,54986.0,220828.0,131391.0,89281.0
TX,17,2022,0.25,1.0,0.14,10.0,24.0,217209.0,72801.0,144408.0,291042.0,97941.0,193101.0
TX,18,2022,0.41,66.0,0.07,0.0,11.0,156268.0,110511.0,40941.0,218720.0,151834.0,66810.0
TX,19,2022,0.46,85.0,0.52,100.0,87.0,189681.0,0.0,152321.0,266375.0,0.0,214950.0
TX,20,2022,0.45,80.0,0.13,7.0,26.0,168599.0,115352.0,53226.0,157890.0,157890.0,0.0
TX,21,2022,0.36,46.0,0.3,49.0,59.0,330081.0,122655.0,207426.0,426423.0,153765.0,263744.0
TX,22,2022,0.37,49.0,0.16,16.0,27.0,241215.0,85653.0,150014.0,336889.0,127604.0,209285.0
TX,23,2022,0.24,0.0,0.19,23.0,34.0,208776.0,80947.0,116649.0,290093.0,109373.0,180720.0
TX,24,2022,0.23,0.0,0.11,3.0,24.0,297825.0,119878.0,177947.0,376626.0,149518.0,227108.0
TX,25,2022,0.4,60.0,0.26,39.0,43.0,185270.0,0.0,185270.0,264703.0,0.0,263042.0
TX,26,2022,0.35,41.0,0.15,13.0,25.0,265023.0,0.0,183639.0,388427.0,138558.0,241096.0
TX,27,2022,0.49,96.0,0.37,68.0,64.0,207027.0,73611.0,133416.0,278576.0,94596.0,183980.0
TX,28,2022,0.28,13.0,0.21,28.0,27.0,165581.0,93803.0,71778.0,237298.0,125280.0,112018.0
TX,29,2022,0.3,20.0,0.09,0.0,12.0,100602.0,71837.0,28765.0,152209.0,99379.0,52830.0
TX,30,2022,0.36,44.0,0.19,23.0,39.0,180513.0,134876.0,39209.0,232825.0,197650.0,0.0
TX,31,2022,0.49,96.0,0.2,24.0,41.0,183185.0,0.0,183185.0,355557.0,126470.0,229087.0
TX,32,2022,0.22,0.0,0.08,0.0,1.0,177499.0,116005.0,61494.0,232464.0,140536.0,85941.0
TX,33,2022,0.2,0.0,0.04,0.0,1.0,114030.0,82081.0,29203.0,166153.0,114289.0,51864.0
TX,34,2022,0.43,74.0,0.28,44.0,49.0,134439.0,70896.0,59464.0,200383.0,102780.0,97603.0
TX,35,2022,0.08,0.0,0.08,0.0,1.0,178568.0,129599.0,48969.0,253119.0,170509.0,82610.0
TX,36,2022,0.35,39.0,0.25,37.0,45.0,209615.0,64016.0,145599.0,297018.0,91009.0,206009.0
TX,37,2022,0.42,70.0,0.16,14.0,35.0,285789.0,219358.0,59923.0,340857.0,252980.0,80366.0
TX,38,2022,0.39,57.0,0.13,7.0,22.0,259869.0,92302.0,163597.0,342764.0,127640.0,215030.0
TX,1,2026,0.43,73.0,0.2,26.0,40.0,,,,,,
TX,2,2026,0.43,71.0,0.17,18.0,29.0,,,,,,
TX,3,2026,0.23,0.0,0.22,31.0,50.0,,,,,,
TX,4,2026,0.19,0.0,0.11,2.0,13.0,,,,,,
TX,5,2026,0.31,23.0,0.19,22.0,42.0,,,,,,
TX,6,2026,0.4,59.0,0.26,41.0,49.0,,,,,,
TX,7,2026,0.18,0.0,0.11,2.0,3.0,,,,,,
TX,8,2026,0.34,37.0,0.14,10.0,15.0,,,,,,
TX,9,2026,0.46,84.0,0.34,60.0,52.0,,,,,,
TX,10,2026,0.21,0.0,0.15,12.0,19.0,,,,,,
TX,11,2026,0.18,0.0,0.2,26.0,29.0,,,,,,
TX,12,2026,0.41,66.0,0.28,46.0,56.0,,,,,,
TX,13,2026,0.24,0.0,0.28,45.0,37.0,,,,,,
TX,14,2026,0.17,0.0,0.14,10.0,4.0,,,,,,
TX,15,2026,0.19,0.0,0.14,9.0,12.0,,,,,,
TX,16,2026,0.32,29.0,0.29,48.0,49.0,,,,,,
TX,17,2026,0.42,69.0,0.24,35.0,38.0,,,,,,
TX,18,2026,0.27,9.0,0.2,26.0,24.0,,,,,,
TX,19,2026,0.46,85.0,0.52,100.0,87.0,,,,,,
TX,20,2026,0.25,2.0,0.14,11.0,31.0,,,,,,
TX,21,2026,0.4,58.0,0.3,49.0,59.0,,,,,,
TX,22,2026,0.48,91.0,0.2,26.0,45.0,,,,,,
TX,23,2026,0.25,0.0,0.21,28.0,37.0,,,,,,
TX,24,2026,0.27,6.0,0.19,23.0,36.0,,,,,,
TX,25,2026,0.39,55.0,0.27,43.0,44.0,,,,,,
TX,26,2026,0.37,47.0,0.16,14.0,27.0,,,,,,
TX,27,2026,0.37,49.0,0.14,9.0,18.0,,,,,,
TX,28,2026,0.4,60.0,0.29,48.0,47.0,,,,,,
TX,29,2026,0.46,83.0,0.23,33.0,46.0,,,,,,
TX,30,2026,0.28,14.0,0.34,59.0,58.0,,,,,,
TX,31,2026,0.47,88.0,0.31,52.0,61.0,,,,,,
TX,32,2026,0.14,0.0,0.16,15.0,28.0,,,,,,
TX,33,2026,0.25,0.0,0.11,2.0,4.0,,,,,,
TX,34,2026,0.37,47.0,0.32,56.0,60.0,,,,,,
TX,35,2026,0.47,87.0,0.31,52.0,51.0,,,,,,
TX,36,2026,0.29,16.0,0.13,9.0,15.0,,,,,,
TX,37,2026,0.44,77.0,0.22,29.0,43.0,,,,,,
TX,38,2026,0.35,39.0,0.2,26.0,30.0,,,,,,
UT,1,2022,0.36,44.0,0.44,84.0,78.0,266420.0,87986.0,178434.0,365895.0,117319.0,230975.0
UT,2,2022,0.5,100.0,0.38,69.0,66.0,259399.0,88224.0,154883.0,353838.0,121114.0,205234.0
UT,3,2022,0.46,83.0,0.27,43.0,51.0,283380.0,83687.0,182497.0,365276.0,122780.0,242496.0
UT,4,2022,0.47,88.0,0.29,46.0,46.0,254059.0,82181.0,155110.0,363668.0,109838.0,230627.0
UT,1,2026,0.41,66.0,0.4,74.0,70.0,,,,,,
UT,2,2026,0.37,47.0,0.39,73.0,75.0,,,,,,
UT,3,2026,0.43,73.0,0.36,65.0,60.0,,,,,,
UT,4,2026,0.56,100.0,0.56,100.0,100.0,,,,,,
VA,1,2022,0.41,63.0,0.2,26.0,37.0,342742.0,147229.0,191828.0,478906.0,208445.0,269657.0
VA,2,2022,0.22,0.0,0.2,25.0,20.0,296996.0,143219.0,153328.0,408702.0,191666.0,207368.0
VA,3,2022,0.42,69.0,0.32,56.0,50.0,207850.0,139659.0,67668.0,314397.0,219926.0,93801.0
VA,4,2022,0.49,97.0,0.29,49.0,61.0,244978.0,159044.0,85503.0,375508.0,252885.0,121814.0
VA,5,2022,0.46,84.0,0.35,64.0,70.0,307790.0,129996.0,177191.0,435839.0,184229.0,249564.0
VA,6,2022,0.23,0.0,0.21,27.0,35.0,269234.0,95410.0,173352.0,407035.0,141612.0,256933.0
VA,7,2022,0.32,26.0,0.21,27.0,34.0,274590.0,143357.0,130586.0,397299.0,203336.0,192847.0
VA,8,2022,0.4,59.0,0.31,54.0,55.0,268936.0,197760.0,66589.0,383915.0,274593.0,94676.0
VA,9,2022,0.17,0.0,0.18,19.0,36.0,248792.0,66027.0,182207.0,400963.0,109570.0,290645.0
VA,10,2022,0.48,94.0,0.29,46.0,52.0,296145.0,157405.0,138163.0,413012.0,215131.0,196343.0
VA,11,2022,0.54,100.0,0.27,43.0,53.0,289676.0,193190.0,95634.0,410186.0,273529.0,134802.0
VT,AL,2022,0.42,69.0,0.37,67.0,64.0,291955.0,176494.0,78397.0,372885.0,218398.0,0.0
WA,1,2022,0.36,43.0,0.15,12.0,26.0,286684.0,181992.0,104329.0,360658.0,227213.0,132538.0
WA,2,2022,0.33,30.0,0.27,43.0,50.0,337923.0,202980.0,134335.0,413220.0,263750.0,148167.0
WA,3,2022,0.36,43.0,0.38,70.0,66.0,319759.0,160314.0,157685.0,415904.0,215177.0,199054.0
WA,4,2022,0.4,58.0,0.22,30.0,39.0,226647.0,70710.0,150619.0,295052.0,0.0,289652.0
WA,5,2022,0.58,100.0,0.53,100.0,89.0,317006.0,127585.0,188648.0,397286.0,156074.0,240619.0
WA,6,2022,0.46,83.0,0.48,94.0,79.0,347873.0,208710.0,138754.0,422622.0,239687.0,182182.0
WA,7,2022,0.37,48.0,0.39,72.0,64.0,346647.0,295998.0,49207.0,419819.0,352286.0,66220.0
WA,8,2022,0.47,89.0,0.25,36.0,49.0,336038.0,179003.0,155976.0,416277.0,224607.0,190675.0
WA,9,2022,0.45,78.0,0.23,33.0,47.0,239848.0,171746.0,67631.0,279298.0,273381.0,0.0
WA,10,2022,0.28,10.0,0.24,36.0,47.0,267748.0,152544.0,114777.0,348044.0,203732.0,143492.0
WI,1,2022,0.24,0.0,0.27,41.0,60.0,300867.0,135825.0,162610.0,393493.0,172402.0,212515.0
WI,2,2022,0.58,100.0,0.39,72.0,77.0,378537.0,268740.0,101890.0,457257.0,320317.0,136357.0
WI,3,2022,0.31,25.0,0.18,19.0,19.0,317922.0,152977.0,164743.0,413181.0,200808.0,212064.0
WI,4,2022,0.21,0.0,0.25,38.0,44.0,255012.0,191955.0,57660.0,334282.0,249938.0,74921.0
WI,5,2022,0.56,100.0,0.37,67.0,74.0,378523.0,134581.0,243741.0,466682.0,165653.0,300521.0
WI,6,2022,0.33,30.0,0.29,47.0,56.0,251999.0,0.0,239231.0,411349.0,159042.0,251889.0
WI,7,2022,0.42,70.0,0.26,40.0,44.0,338268.0,128877.0,209224.0,430384.0,156524.0,273553.0
WI,8,2022,0.37,50.0,0.34,60.0,57.0,310196.0,0.0,223981.0,418978.0,178666.0,240040.0
WV,1,2022,0.37,48.0,0.25,37.0,49.0,227196.0,65428.0,151511.0,344319.0,90038.0,228491.0
WV,2,2022,0.21,0.0,0.13,8.0,9.0,244886.0,84278.0,160493.0,378965.0,110775.0,268190.0
WY,AL,2022,0.55,100.0,0.73,100.0,100.0,198198.0,47250.0,132206.0,271123.0,60778.0,184680.0
